﻿<?xml version="1.0" encoding="utf-8"?><toc><breadcrumbs><li><a href="d75eb659-6335-53f6-af7a-81814a21ab7f.htm">Docs</a></li><li><a href="d75eb659-6335-53f6-af7a-81814a21ab7f.htm">Gestion du personnel</a></li></breadcrumbs><tocItems><li><a id="4a3b84c6-9d6a-117c-3e5b-003c05a85c5b" class="has-submenu" href="4a3b84c6-9d6a-117c-3e5b-003c05a85c5b.htm"><span data-tocFile="../toc/IDAA.xml" class="icon toggle" onclick="ToggleExpandCollapse(this); return false;"><i class="fa fa-angle-right"> </i></span>gestion_<wbr />personnel</a><ul class="toc-menu is-hidden"> </ul></li><li><a id="3262cda6-7aa2-7cec-034e-c1912723646f" class="has-submenu" href="3262cda6-7aa2-7cec-034e-c1912723646f.htm"><span data-tocFile="../toc/IDBA.xml" class="icon toggle" onclick="ToggleExpandCollapse(this); return false;"><i class="fa fa-angle-right"> </i></span>gestion_<wbr />personnel.<wbr />bddmanager</a><ul class="toc-menu is-hidden"> </ul></li><li><a id="44a0e5fc-63dd-e6c4-8346-66d0583fe233" class="has-submenu" href="44a0e5fc-63dd-e6c4-8346-66d0583fe233.htm"><span data-tocFile="../toc/IDCA.xml" class="icon toggle" onclick="ToggleExpandCollapse(this); return false;"><i class="fa fa-angle-right"> </i></span>gestion_<wbr />personnel.<wbr />dal</a><ul class="toc-menu is-hidden"> </ul></li><li><a id="8560409a-53e5-87cd-90bf-fdb53fa6dbe7" class="has-submenu" href="8560409a-53e5-87cd-90bf-fdb53fa6dbe7.htm"><span data-tocFile="../toc/IDDA.xml" class="icon toggle" onclick="ToggleExpandCollapse(this); return false;"><i class="fa fa-angle-right"> </i></span>gestion_<wbr />personnel.<wbr />model</a><ul class="toc-menu is-hidden"> </ul></li><li><a id="bdac84b2-3d04-50cc-1695-4305cb9973db" class="has-submenu" href="bdac84b2-3d04-50cc-1695-4305cb9973db.htm"><span data-tocFile="../toc/IDEA.xml" class="icon toggle" onclick="ToggleExpandCollapse(this); return false;"><i class="fa fa-angle-right"> </i></span>gestion_<wbr />personnel.<wbr />view</a><ul class="toc-menu is-hidden"> </ul></li></tocItems></toc>