﻿<?xml version="1.0" encoding="utf-8"?><toc><breadcrumbs><li><a href="d75eb659-6335-53f6-af7a-81814a21ab7f.htm">Docs</a></li><li><a href="d75eb659-6335-53f6-af7a-81814a21ab7f.htm">Gestion du personnel</a></li><li><a href="4a3b84c6-9d6a-117c-3e5b-003c05a85c5b.htm">gestion_<wbr />personnel</a></li><li><a href="c8c67f8d-0487-6eeb-5cc2-addfea751c48.htm">Namespace<wbr />Doc</a></li></breadcrumbs><tocItems><li><a id="4fc4e95c-1f99-0f2f-d82d-f1d1cfdfaca4" href="4fc4e95c-1f99-0f2f-d82d-f1d1cfdfaca4.htm">Constructor</a></li><li><a id="a1cb1935-ad01-6a18-0e9f-3e6afb6b3eab" href="a1cb1935-ad01-6a18-0e9f-3e6afb6b3eab.htm">Methods</a></li></tocItems></toc>