﻿<?xml version="1.0" encoding="utf-8"?><toc><breadcrumbs><li><a href="d75eb659-6335-53f6-af7a-81814a21ab7f.htm">Docs</a></li><li><a href="d75eb659-6335-53f6-af7a-81814a21ab7f.htm">Gestion du personnel</a></li><li><a href="3262cda6-7aa2-7cec-034e-c1912723646f.htm">gestion_<wbr />personnel.<wbr />bddmanager</a></li><li><a href="0e7de5d7-a6cb-ef9c-f523-41392ffcfda9.htm">Bdd<wbr />Manager</a></li></breadcrumbs><tocItems><li><a id="7127db72-d6a9-5f0b-2e7d-c2d07af26620" href="7127db72-d6a9-5f0b-2e7d-c2d07af26620.htm">Constructor</a></li><li><a id="a702214d-aa0b-1bf6-af3f-f051eeec0bc4" class="has-submenu" href="a702214d-aa0b-1bf6-af3f-f051eeec0bc4.htm"><span data-tocFile="../toc/IDBABA.xml" class="icon toggle" onclick="ToggleExpandCollapse(this); return false;"><i class="fa fa-angle-right"> </i></span>Methods</a><ul class="toc-menu is-hidden"> </ul></li><li><a id="962981f1-dcc8-53dd-ea8a-8c28e31ab9a2" class="has-submenu" href="962981f1-dcc8-53dd-ea8a-8c28e31ab9a2.htm"><span data-tocFile="../toc/IDCABA.xml" class="icon toggle" onclick="ToggleExpandCollapse(this); return false;"><i class="fa fa-angle-right"> </i></span>Fields</a><ul class="toc-menu is-hidden"> </ul></li></tocItems></toc>