﻿<?xml version="1.0" encoding="utf-8"?><toc><breadcrumbs><li><a href="d75eb659-6335-53f6-af7a-81814a21ab7f.htm">Docs</a></li><li><a href="d75eb659-6335-53f6-af7a-81814a21ab7f.htm">Gestion du personnel</a></li><li><a href="bdac84b2-3d04-50cc-1695-4305cb9973db.htm">gestion_<wbr />personnel.<wbr />view</a></li><li><a href="367f830e-31f1-f47d-c11e-b48642b1165e.htm">Frm<wbr />Confirmation</a></li><li><a href="25ef270e-252c-5083-9786-76b9402dcaa0.htm">Methods</a></li><li><a href="b5a3c5af-fc3f-2e6d-698b-6de31daf83ce.htm">Dispose</a></li></breadcrumbs><tocItems><li><a id="3aa53970-848f-88f2-93ec-f12efc4f28dd" href="3aa53970-848f-88f2-93ec-f12efc4f28dd.htm">Dispose(<wbr />Boolean)</a></li></tocItems></toc>