﻿<?xml version="1.0" encoding="utf-8"?><toc><breadcrumbs><li><a href="d75eb659-6335-53f6-af7a-81814a21ab7f.htm">Docs</a></li><li><a href="d75eb659-6335-53f6-af7a-81814a21ab7f.htm">Gestion du personnel</a></li><li><a href="8560409a-53e5-87cd-90bf-fdb53fa6dbe7.htm">gestion_<wbr />personnel.<wbr />model</a></li><li><a href="f75a0990-e620-9134-dd3b-b7277f04b1d0.htm">Personnel</a></li><li><a href="c2190ae9-96a0-efd8-d88a-47e456ab5db2.htm">Constructors</a></li></breadcrumbs><tocItems><li><a id="0880707f-c1e0-f7c7-41ed-55d4a6d0869e" href="0880707f-c1e0-f7c7-41ed-55d4a6d0869e.htm">Personnel(<wbr />String, String, String, String, Service)</a></li><li><a id="653a92b2-3542-5b8d-f431-438948aa1af7" href="653a92b2-3542-5b8d-f431-438948aa1af7.htm">Personnel(<wbr />Int<wbr />32, String, String, String, String, Service)</a></li></tocItems></toc>