﻿<?xml version="1.0" encoding="utf-8"?><toc><breadcrumbs><li><a href="d75eb659-6335-53f6-af7a-81814a21ab7f.htm">Docs</a></li><li><a href="d75eb659-6335-53f6-af7a-81814a21ab7f.htm">Gestion du personnel</a></li><li><a href="d690dab1-7d08-6ba0-f77f-d55ee0ee90ad.htm">gestion_<wbr />personnel.<wbr />controller</a></li><li><a href="bf6641e4-d1b9-123d-39a8-a12c73bfb7e5.htm">Frm<wbr />Authentification<wbr />Controller</a></li></breadcrumbs><tocItems><li><a id="86b4385a-57d0-c569-b1f2-7819ba51be9e" href="86b4385a-57d0-c569-b1f2-7819ba51be9e.htm">Constructor</a></li><li><a id="fed741c9-dfbc-fe6e-f35e-3b3e2ee70848" class="has-submenu" href="fed741c9-dfbc-fe6e-f35e-3b3e2ee70848.htm"><span data-tocFile="../toc/IDBACA.xml" class="icon toggle" onclick="ToggleExpandCollapse(this); return false;"><i class="fa fa-angle-right"> </i></span>Methods</a><ul class="toc-menu is-hidden"> </ul></li><li><a id="bdab0203-1010-842b-f347-dd07401cdd77" class="has-submenu" href="bdab0203-1010-842b-f347-dd07401cdd77.htm"><span data-tocFile="../toc/IDCACA.xml" class="icon toggle" onclick="ToggleExpandCollapse(this); return false;"><i class="fa fa-angle-right"> </i></span>Fields</a><ul class="toc-menu is-hidden"> </ul></li></tocItems></toc>