﻿<?xml version="1.0" encoding="utf-8"?><toc><breadcrumbs><li><a href="d75eb659-6335-53f6-af7a-81814a21ab7f.htm">Docs</a></li><li><a href="d75eb659-6335-53f6-af7a-81814a21ab7f.htm">Gestion du personnel</a></li><li><a href="44a0e5fc-63dd-e6c4-8346-66d0583fe233.htm">gestion_<wbr />personnel.<wbr />dal</a></li><li><a href="881bb3e4-d695-9756-31fb-b40ca7243c16.htm">Access</a></li></breadcrumbs><tocItems><li><a id="2a74c640-9dbf-cf97-bf82-ebd65b770bd1" href="2a74c640-9dbf-cf97-bf82-ebd65b770bd1.htm">Constructor</a></li><li><a id="832e3552-5e19-d098-f680-5dbc00c5105e" href="832e3552-5e19-d098-f680-5dbc00c5105e.htm">Constructor</a></li><li><a id="f7fa693f-4b05-9a8d-1eab-7e3b1eb11764" class="has-submenu" href="f7fa693f-4b05-9a8d-1eab-7e3b1eb11764.htm"><span data-tocFile="../toc/IDCADA.xml" class="icon toggle" onclick="ToggleExpandCollapse(this); return false;"><i class="fa fa-angle-right"> </i></span>Properties</a><ul class="toc-menu is-hidden"> </ul></li><li><a id="498d69ed-74d9-b7cd-86ad-ad07428512ad" class="has-submenu" href="498d69ed-74d9-b7cd-86ad-ad07428512ad.htm"><span data-tocFile="../toc/IDDADA.xml" class="icon toggle" onclick="ToggleExpandCollapse(this); return false;"><i class="fa fa-angle-right"> </i></span>Methods</a><ul class="toc-menu is-hidden"> </ul></li><li><a id="833683dd-ed15-479e-b182-1cdf2337b7bc" class="has-submenu" href="833683dd-ed15-479e-b182-1cdf2337b7bc.htm"><span data-tocFile="../toc/IDEADA.xml" class="icon toggle" onclick="ToggleExpandCollapse(this); return false;"><i class="fa fa-angle-right"> </i></span>Fields</a><ul class="toc-menu is-hidden"> </ul></li></tocItems></toc>