﻿<?xml version="1.0" encoding="utf-8"?><toc><breadcrumbs><li><a href="d75eb659-6335-53f6-af7a-81814a21ab7f.htm">Docs</a></li><li><a href="d75eb659-6335-53f6-af7a-81814a21ab7f.htm">Gestion du personnel</a></li><li><a href="8560409a-53e5-87cd-90bf-fdb53fa6dbe7.htm">gestion_<wbr />personnel.<wbr />model</a></li><li><a href="fa642274-e451-a623-f08b-6df752c00c9b.htm">Absence</a></li></breadcrumbs><tocItems><li><a id="4fdf7546-c2e6-b25b-5c6a-fb7e8359d043" href="4fdf7546-c2e6-b25b-5c6a-fb7e8359d043.htm">Constructor</a></li><li><a id="f21261b7-5cfb-9e45-e599-21d457dd633f" class="has-submenu" href="f21261b7-5cfb-9e45-e599-21d457dd633f.htm"><span data-tocFile="../toc/IDBADA.xml" class="icon toggle" onclick="ToggleExpandCollapse(this); return false;"><i class="fa fa-angle-right"> </i></span>Properties</a><ul class="toc-menu is-hidden"> </ul></li><li><a id="b2af5f0b-b98f-7362-f409-3ba37388a2e2" href="b2af5f0b-b98f-7362-f409-3ba37388a2e2.htm">Methods</a></li></tocItems></toc>