﻿<?xml version="1.0" encoding="utf-8"?><toc><breadcrumbs><li><a href="d75eb659-6335-53f6-af7a-81814a21ab7f.htm">Docs</a></li><li><a href="d75eb659-6335-53f6-af7a-81814a21ab7f.htm">Gestion du personnel</a></li><li><a href="bdac84b2-3d04-50cc-1695-4305cb9973db.htm">gestion_<wbr />personnel.<wbr />view</a></li><li><a href="86d72d2b-c5ca-7c0d-c25f-24bdafb098a3.htm">Frm<wbr />Authentification</a></li></breadcrumbs><tocItems><li><a id="ee01ccc4-d3e8-5e0c-0cd5-14b63aec7c18" href="ee01ccc4-d3e8-5e0c-0cd5-14b63aec7c18.htm">Constructor</a></li><li><a id="41d08b42-546a-5272-9f31-1d9652e54d1e" href="41d08b42-546a-5272-9f31-1d9652e54d1e.htm">Properties</a></li><li><a id="ff355208-db3a-0c62-8fe6-7a865d397e64" class="has-submenu" href="ff355208-db3a-0c62-8fe6-7a865d397e64.htm"><span data-tocFile="../toc/IDCAEA.xml" class="icon toggle" onclick="ToggleExpandCollapse(this); return false;"><i class="fa fa-angle-right"> </i></span>Methods</a><ul class="toc-menu is-hidden"> </ul></li><li><a id="b27e68fd-369a-1610-9cba-43957a9083bf" href="b27e68fd-369a-1610-9cba-43957a9083bf.htm">Events</a></li><li><a id="0abd822b-3b4b-c101-eac3-85f388e3cb14" class="has-submenu" href="0abd822b-3b4b-c101-eac3-85f388e3cb14.htm"><span data-tocFile="../toc/IDEAEA.xml" class="icon toggle" onclick="ToggleExpandCollapse(this); return false;"><i class="fa fa-angle-right"> </i></span>Fields</a><ul class="toc-menu is-hidden"> </ul></li></tocItems></toc>