﻿<?xml version="1.0" encoding="utf-8"?><toc><breadcrumbs><li><a href="d75eb659-6335-53f6-af7a-81814a21ab7f.htm">Docs</a></li><li><a href="d75eb659-6335-53f6-af7a-81814a21ab7f.htm">Gestion du personnel</a></li><li><a href="3262cda6-7aa2-7cec-034e-c1912723646f.htm">gestion_<wbr />personnel.<wbr />bddmanager</a></li><li><a href="0e7de5d7-a6cb-ef9c-f523-41392ffcfda9.htm">Bdd<wbr />Manager</a></li><li><a href="a702214d-aa0b-1bf6-af3f-f051eeec0bc4.htm">Methods</a></li></breadcrumbs><tocItems><li><a id="f7fba586-a3e7-1643-5345-80a0e0b7c603" href="f7fba586-a3e7-1643-5345-80a0e0b7c603.htm">Get<wbr />Instance</a></li><li><a id="195b4dc9-086d-ab68-af7e-28cd8a717852" href="195b4dc9-086d-ab68-af7e-28cd8a717852.htm">Req<wbr />Controle</a></li><li><a id="cda03393-a36a-1e18-fa30-3134452b7348" href="cda03393-a36a-1e18-fa30-3134452b7348.htm">Req<wbr />Select</a></li><li><a id="1ee16c26-08fc-9216-6758-45b08f810d36" href="1ee16c26-08fc-9216-6758-45b08f810d36.htm">Req<wbr />Update</a></li></tocItems></toc>