﻿<?xml version="1.0" encoding="utf-8"?><toc><breadcrumbs><li><a href="d75eb659-6335-53f6-af7a-81814a21ab7f.htm">Docs</a></li><li><a href="d75eb659-6335-53f6-af7a-81814a21ab7f.htm">Gestion du personnel</a></li><li><a href="3262cda6-7aa2-7cec-034e-c1912723646f.htm">gestion_<wbr />personnel.<wbr />bddmanager</a></li></breadcrumbs><tocItems><li><a id="0e7de5d7-a6cb-ef9c-f523-41392ffcfda9" class="has-submenu" href="0e7de5d7-a6cb-ef9c-f523-41392ffcfda9.htm"><span data-tocFile="../toc/IDABA.xml" class="icon toggle" onclick="ToggleExpandCollapse(this); return false;"><i class="fa fa-angle-right"> </i></span>Bdd<wbr />Manager</a><ul class="toc-menu is-hidden"> </ul></li></tocItems></toc>