﻿<?xml version="1.0" encoding="utf-8"?><toc><breadcrumbs><li><a href="d75eb659-6335-53f6-af7a-81814a21ab7f.htm">Docs</a></li><li><a href="d75eb659-6335-53f6-af7a-81814a21ab7f.htm">Gestion du personnel</a></li><li><a href="8560409a-53e5-87cd-90bf-fdb53fa6dbe7.htm">gestion_<wbr />personnel.<wbr />model</a></li><li><a href="fa642274-e451-a623-f08b-6df752c00c9b.htm">Absence</a></li><li><a href="f21261b7-5cfb-9e45-e599-21d457dd633f.htm">Properties</a></li></breadcrumbs><tocItems><li><a id="18f9d02a-798b-8e76-4460-bb1c2afdbc21" href="18f9d02a-798b-8e76-4460-bb1c2afdbc21.htm">datedebut</a></li><li><a id="fe664d4e-d779-ba51-6cb3-9e3b34b75cbb" href="fe664d4e-d779-ba51-6cb3-9e3b34b75cbb.htm">datefin</a></li><li><a id="731815c4-e90d-5758-fdb7-0a5256ae7469" href="731815c4-e90d-5758-fdb7-0a5256ae7469.htm">idpersonnel</a></li><li><a id="6bcaa1ac-d93c-0e96-a850-f6674a487e68" href="6bcaa1ac-d93c-0e96-a850-f6674a487e68.htm">motif</a></li></tocItems></toc>