﻿<?xml version="1.0" encoding="utf-8"?><toc><breadcrumbs><li><a href="d75eb659-6335-53f6-af7a-81814a21ab7f.htm">Docs</a></li><li><a href="d75eb659-6335-53f6-af7a-81814a21ab7f.htm">Gestion du personnel</a></li><li><a href="d690dab1-7d08-6ba0-f77f-d55ee0ee90ad.htm">gestion_<wbr />personnel.<wbr />controller</a></li><li><a href="bf6641e4-d1b9-123d-39a8-a12c73bfb7e5.htm">Frm<wbr />Authentification<wbr />Controller</a></li><li><a href="fed741c9-dfbc-fe6e-f35e-3b3e2ee70848.htm">Methods</a></li></breadcrumbs><tocItems><li><a id="73bb9d60-83fe-787d-f64a-cb799be22772" href="73bb9d60-83fe-787d-f64a-cb799be22772.htm">Controle<wbr />Authentification</a></li></tocItems></toc>