﻿<?xml version="1.0" encoding="utf-8"?><toc><breadcrumbs><li><a href="d75eb659-6335-53f6-af7a-81814a21ab7f.htm">Docs</a></li><li><a href="d75eb659-6335-53f6-af7a-81814a21ab7f.htm">Gestion du personnel</a></li><li><a href="4a3b84c6-9d6a-117c-3e5b-003c05a85c5b.htm">gestion_<wbr />personnel</a></li><li><a href="a16c7368-36d6-f380-eceb-aa3631734365.htm">Program</a></li></breadcrumbs><tocItems><li><a id="70d8771d-4229-723b-29d9-7af806b7d6d7" class="has-submenu" href="70d8771d-4229-723b-29d9-7af806b7d6d7.htm"><span data-tocFile="../toc/IDABAA.xml" class="icon toggle" onclick="ToggleExpandCollapse(this); return false;"><i class="fa fa-angle-right"> </i></span>Methods</a><ul class="toc-menu is-hidden"> </ul></li></tocItems></toc>