﻿<?xml version="1.0" encoding="utf-8"?><toc><breadcrumbs><li><a href="d75eb659-6335-53f6-af7a-81814a21ab7f.htm">Docs</a></li><li><a href="d75eb659-6335-53f6-af7a-81814a21ab7f.htm">Gestion du personnel</a></li><li><a href="44a0e5fc-63dd-e6c4-8346-66d0583fe233.htm">gestion_<wbr />personnel.<wbr />dal</a></li><li><a href="6e1f8340-4a94-4dc2-bd24-84776ebbaea8.htm">Motif<wbr />Access</a></li><li><a href="1733bc1a-2fcf-e4bf-f79f-2464be36d14d.htm">Methods</a></li></breadcrumbs><tocItems><li><a id="70ee2910-68fa-6ab4-603b-6232c0c2890d" href="70ee2910-68fa-6ab4-603b-6232c0c2890d.htm">Get<wbr />Les<wbr />Motifs</a></li></tocItems></toc>