﻿<?xml version="1.0" encoding="utf-8"?><toc><breadcrumbs><li><a href="d75eb659-6335-53f6-af7a-81814a21ab7f.htm">Docs</a></li><li><a href="d75eb659-6335-53f6-af7a-81814a21ab7f.htm">Gestion du personnel</a></li><li><a href="8560409a-53e5-87cd-90bf-fdb53fa6dbe7.htm">gestion_<wbr />personnel.<wbr />model</a></li><li><a href="320edc80-ef0a-db73-5eb7-b329084c50d0.htm">Motif</a></li><li><a href="44452285-fd35-8df4-3644-306c17813422.htm">Properties</a></li></breadcrumbs><tocItems><li><a id="e29d5392-8ea8-a2d3-a7ad-02d282b67d72" href="e29d5392-8ea8-a2d3-a7ad-02d282b67d72.htm">idmotif</a></li><li><a id="94fdf0a5-4eef-8b0b-8ef5-62b4d3d50230" href="94fdf0a5-4eef-8b0b-8ef5-62b4d3d50230.htm">libelle</a></li></tocItems></toc>