﻿<?xml version="1.0" encoding="utf-8"?><toc><breadcrumbs><li><a href="d75eb659-6335-53f6-af7a-81814a21ab7f.htm">Docs</a></li><li><a href="d75eb659-6335-53f6-af7a-81814a21ab7f.htm">Gestion du personnel</a></li><li><a href="d690dab1-7d08-6ba0-f77f-d55ee0ee90ad.htm">gestion_<wbr />personnel.<wbr />controller</a></li><li><a href="9dd7c1c3-92e6-97fc-9813-80e452653b8e.htm">Frm<wbr />Gestion<wbr />Controller</a></li><li><a href="2178b4a8-ea76-c743-e28c-56d0454587fd.htm">Methods</a></li></breadcrumbs><tocItems><li><a id="5fbefca2-f453-f535-81be-d51fe6a5d14c" href="5fbefca2-f453-f535-81be-d51fe6a5d14c.htm">Add<wbr />Absence</a></li><li><a id="e315e321-f59f-0f0d-e2b7-82772146ce30" href="e315e321-f59f-0f0d-e2b7-82772146ce30.htm">Add<wbr />Personnel</a></li><li><a id="e4e58831-1ded-8034-254a-04e8969a700d" href="e4e58831-1ded-8034-254a-04e8969a700d.htm">Del<wbr />Absence</a></li><li><a id="07191f76-b4a5-f415-d4b6-562fdfe54acc" href="07191f76-b4a5-f415-d4b6-562fdfe54acc.htm">Del<wbr />Personnel</a></li><li><a id="a1e2af17-c3fc-56f2-b371-7d9435c8a963" href="a1e2af17-c3fc-56f2-b371-7d9435c8a963.htm">Existe<wbr />Absence<wbr />Creneau</a></li><li><a id="80860101-0303-29c4-3cd1-b60367798c8a" href="80860101-0303-29c4-3cd1-b60367798c8a.htm">Get<wbr />Absences<wbr />Pour<wbr />Personnel</a></li><li><a id="9c518891-08f6-aa57-ee5c-ec30ca153646" href="9c518891-08f6-aa57-ee5c-ec30ca153646.htm">Get<wbr />Les<wbr />Motifs</a></li><li><a id="590f45bc-e282-d688-0e0a-a1ebfc45c4f3" href="590f45bc-e282-d688-0e0a-a1ebfc45c4f3.htm">Get<wbr />Les<wbr />Personnels</a></li><li><a id="ed86c05a-bfd0-8c91-3340-415daf24f8e5" href="ed86c05a-bfd0-8c91-3340-415daf24f8e5.htm">Get<wbr />Les<wbr />Services</a></li><li><a id="726c8af5-faac-58ec-8ba2-57f16e6b3ac4" href="726c8af5-faac-58ec-8ba2-57f16e6b3ac4.htm">Update<wbr />Absence</a></li><li><a id="b4be5c6c-b13a-942c-5046-28c35177ec7c" href="b4be5c6c-b13a-942c-5046-28c35177ec7c.htm">Update<wbr />Personnel</a></li></tocItems></toc>