﻿<?xml version="1.0" encoding="utf-8"?><toc><breadcrumbs><li><a href="d75eb659-6335-53f6-af7a-81814a21ab7f.htm">Docs</a></li><li><a href="d75eb659-6335-53f6-af7a-81814a21ab7f.htm">Gestion du personnel</a></li><li><a href="44a0e5fc-63dd-e6c4-8346-66d0583fe233.htm">gestion_<wbr />personnel.<wbr />dal</a></li><li><a href="ea3d1f7c-65f7-238b-7e1e-f28026725177.htm">Responsable<wbr />Access</a></li><li><a href="7df3aba5-f229-744b-4015-890f3615f159.htm">Methods</a></li></breadcrumbs><tocItems><li><a id="a593ffe2-429c-fa06-dfa6-909c129cba99" href="a593ffe2-429c-fa06-dfa6-909c129cba99.htm">Add<wbr />Absence</a></li><li><a id="000fa82d-cc88-6098-84cd-66c643fe154f" href="000fa82d-cc88-6098-84cd-66c643fe154f.htm">Add<wbr />Personnel</a></li><li><a id="93fef236-04ee-6713-841e-b4831278b70a" href="93fef236-04ee-6713-841e-b4831278b70a.htm">Controle<wbr />Authentification</a></li><li><a id="da4d6922-1529-3988-0294-ab9ad5de89da" href="da4d6922-1529-3988-0294-ab9ad5de89da.htm">Del<wbr />Absence</a></li><li><a id="6d31aafd-e8e0-d25c-f435-433c5d3c83cb" href="6d31aafd-e8e0-d25c-f435-433c5d3c83cb.htm">Del<wbr />Personnel</a></li><li><a id="dc43baf0-b190-9229-945c-b61c93621c4a" href="dc43baf0-b190-9229-945c-b61c93621c4a.htm">Get<wbr />Absences<wbr />Pour<wbr />Personnel</a></li><li><a id="06ca7782-900f-ea46-a2f9-131b54668a22" href="06ca7782-900f-ea46-a2f9-131b54668a22.htm">Get<wbr />Les<wbr />Personnels</a></li><li><a id="b1151862-f9f5-7b83-640b-c0867bd5ae01" href="b1151862-f9f5-7b83-640b-c0867bd5ae01.htm">Update<wbr />Absence</a></li><li><a id="c43f2bc4-f42e-6ade-8aa0-44c09ae4b23c" href="c43f2bc4-f42e-6ade-8aa0-44c09ae4b23c.htm">Update<wbr />Personnel</a></li></tocItems></toc>