﻿<?xml version="1.0" encoding="utf-8"?><toc><breadcrumbs><li><a href="d75eb659-6335-53f6-af7a-81814a21ab7f.htm">Docs</a></li><li><a href="d75eb659-6335-53f6-af7a-81814a21ab7f.htm">Gestion du personnel</a></li><li><a href="8560409a-53e5-87cd-90bf-fdb53fa6dbe7.htm">gestion_<wbr />personnel.<wbr />model</a></li><li><a href="f75a0990-e620-9134-dd3b-b7277f04b1d0.htm">Personnel</a></li><li><a href="e8dfe99b-9dc1-0854-1509-d9b89ff5b944.htm">Properties</a></li></breadcrumbs><tocItems><li><a id="41c4a732-e91c-219e-9a25-31d9ee63c29f" href="41c4a732-e91c-219e-9a25-31d9ee63c29f.htm">idpersonnel</a></li><li><a id="cba217a0-0c7d-e0c4-dbc6-e3a81705d300" href="cba217a0-0c7d-e0c4-dbc6-e3a81705d300.htm">idservice</a></li><li><a id="48595ff3-7857-49d4-9e2a-9bed31b30c24" href="48595ff3-7857-49d4-9e2a-9bed31b30c24.htm">mail</a></li><li><a id="1c05e145-682b-a4dd-d355-b30b35c92945" href="1c05e145-682b-a4dd-d355-b30b35c92945.htm">nom</a></li><li><a id="c54f2d60-95ef-5eec-2b7e-4d8d20b9329f" href="c54f2d60-95ef-5eec-2b7e-4d8d20b9329f.htm">prenom</a></li><li><a id="af681f69-486f-5ae8-cd1d-5cf9c0f85604" href="af681f69-486f-5ae8-cd1d-5cf9c0f85604.htm">tel</a></li></tocItems></toc>