﻿<?xml version="1.0" encoding="utf-8"?><toc><breadcrumbs><li><a href="d75eb659-6335-53f6-af7a-81814a21ab7f.htm">Docs</a></li><li><a href="d75eb659-6335-53f6-af7a-81814a21ab7f.htm">Gestion du personnel</a></li><li><a href="d690dab1-7d08-6ba0-f77f-d55ee0ee90ad.htm">gestion_<wbr />personnel.<wbr />controller</a></li><li><a href="9dd7c1c3-92e6-97fc-9813-80e452653b8e.htm">Frm<wbr />Gestion<wbr />Controller</a></li></breadcrumbs><tocItems><li><a id="f94394f2-119f-61ab-b83d-780bb0b8f5a0" href="f94394f2-119f-61ab-b83d-780bb0b8f5a0.htm">Constructor</a></li><li><a id="2178b4a8-ea76-c743-e28c-56d0454587fd" class="has-submenu" href="2178b4a8-ea76-c743-e28c-56d0454587fd.htm"><span data-tocFile="../toc/IDBBCA.xml" class="icon toggle" onclick="ToggleExpandCollapse(this); return false;"><i class="fa fa-angle-right"> </i></span>Methods</a><ul class="toc-menu is-hidden"> </ul></li><li><a id="d20e2b3f-a4f4-c8a5-55a0-71a8f8f2d045" class="has-submenu" href="d20e2b3f-a4f4-c8a5-55a0-71a8f8f2d045.htm"><span data-tocFile="../toc/IDCBCA.xml" class="icon toggle" onclick="ToggleExpandCollapse(this); return false;"><i class="fa fa-angle-right"> </i></span>Fields</a><ul class="toc-menu is-hidden"> </ul></li></tocItems></toc>