﻿<?xml version="1.0" encoding="utf-8"?><toc><breadcrumbs><li><a href="d75eb659-6335-53f6-af7a-81814a21ab7f.htm">Docs</a></li><li><a href="d75eb659-6335-53f6-af7a-81814a21ab7f.htm">Gestion du personnel</a></li><li><a href="bdac84b2-3d04-50cc-1695-4305cb9973db.htm">gestion_<wbr />personnel.<wbr />view</a></li><li><a href="86d72d2b-c5ca-7c0d-c25f-24bdafb098a3.htm">Frm<wbr />Authentification</a></li><li><a href="ff355208-db3a-0c62-8fe6-7a865d397e64.htm">Methods</a></li><li><a href="720cc1c6-8e87-83c5-ec5c-8504cc385944.htm">Dispose</a></li></breadcrumbs><tocItems><li><a id="7361c733-bdb3-bbba-af47-9988f073c756" href="7361c733-bdb3-bbba-af47-9988f073c756.htm">Dispose(<wbr />Boolean)</a></li></tocItems></toc>