﻿<?xml version="1.0" encoding="utf-8"?><toc><breadcrumbs><li><a href="d75eb659-6335-53f6-af7a-81814a21ab7f.htm">Docs</a></li><li><a href="d75eb659-6335-53f6-af7a-81814a21ab7f.htm">Gestion du personnel</a></li><li><a href="8560409a-53e5-87cd-90bf-fdb53fa6dbe7.htm">gestion_<wbr />personnel.<wbr />model</a></li><li><a href="ff2c4742-62a2-c524-6c28-22b43c5242ed.htm">Responsable</a></li><li><a href="4c5cd528-0d76-1309-feb0-ce4796c297aa.htm">Properties</a></li></breadcrumbs><tocItems><li><a id="4247f317-a0e5-f2bb-6ca4-e8d0eb083aef" href="4247f317-a0e5-f2bb-6ca4-e8d0eb083aef.htm">login</a></li><li><a id="025929dd-84d5-6c15-e7bd-a66de2bd8d19" href="025929dd-84d5-6c15-e7bd-a66de2bd8d19.htm">pwd</a></li></tocItems></toc>