﻿<?xml version="1.0" encoding="utf-8"?><toc><breadcrumbs><li><a href="d75eb659-6335-53f6-af7a-81814a21ab7f.htm">Docs</a></li><li><a href="d75eb659-6335-53f6-af7a-81814a21ab7f.htm">Gestion du personnel</a></li><li><a href="44a0e5fc-63dd-e6c4-8346-66d0583fe233.htm">gestion_<wbr />personnel.<wbr />dal</a></li><li><a href="6e1f8340-4a94-4dc2-bd24-84776ebbaea8.htm">Motif<wbr />Access</a></li></breadcrumbs><tocItems><li><a id="4a63a50b-4299-39df-a803-69750c9a56f2" href="4a63a50b-4299-39df-a803-69750c9a56f2.htm">Constructor</a></li><li><a id="1733bc1a-2fcf-e4bf-f79f-2464be36d14d" class="has-submenu" href="1733bc1a-2fcf-e4bf-f79f-2464be36d14d.htm"><span data-tocFile="../toc/IDBBDA.xml" class="icon toggle" onclick="ToggleExpandCollapse(this); return false;"><i class="fa fa-angle-right"> </i></span>Methods</a><ul class="toc-menu is-hidden"> </ul></li><li><a id="719df22f-0d99-5281-0248-43d8d215a26b" class="has-submenu" href="719df22f-0d99-5281-0248-43d8d215a26b.htm"><span data-tocFile="../toc/IDCBDA.xml" class="icon toggle" onclick="ToggleExpandCollapse(this); return false;"><i class="fa fa-angle-right"> </i></span>Fields</a><ul class="toc-menu is-hidden"> </ul></li></tocItems></toc>