﻿<?xml version="1.0" encoding="utf-8"?><toc><breadcrumbs><li><a href="d75eb659-6335-53f6-af7a-81814a21ab7f.htm">Docs</a></li><li><a href="d75eb659-6335-53f6-af7a-81814a21ab7f.htm">Gestion du personnel</a></li><li><a href="44a0e5fc-63dd-e6c4-8346-66d0583fe233.htm">gestion_<wbr />personnel.<wbr />dal</a></li><li><a href="6f3c4f68-13dc-f526-6f60-c39455588bca.htm">Service<wbr />Access</a></li><li><a href="2ea2d4ea-5cc9-de6a-8108-4b3ae98a9c1f.htm">Methods</a></li></breadcrumbs><tocItems><li><a id="b374abd6-2ccd-6057-0b8b-8a2283fdb643" href="b374abd6-2ccd-6057-0b8b-8a2283fdb643.htm">Get<wbr />Les<wbr />Services</a></li></tocItems></toc>