﻿<?xml version="1.0" encoding="utf-8"?><toc><breadcrumbs><li><a href="d75eb659-6335-53f6-af7a-81814a21ab7f.htm">Docs</a></li><li><a href="d75eb659-6335-53f6-af7a-81814a21ab7f.htm">Gestion du personnel</a></li><li><a href="bdac84b2-3d04-50cc-1695-4305cb9973db.htm">gestion_<wbr />personnel.<wbr />view</a></li><li><a href="367f830e-31f1-f47d-c11e-b48642b1165e.htm">Frm<wbr />Confirmation</a></li></breadcrumbs><tocItems><li><a id="a284de87-bfd9-2796-3c26-0a87309b5b2c" href="a284de87-bfd9-2796-3c26-0a87309b5b2c.htm">Constructor</a></li><li><a id="43c14f6b-bcf3-7bb2-7a52-8808baa165d9" href="43c14f6b-bcf3-7bb2-7a52-8808baa165d9.htm">Properties</a></li><li><a id="25ef270e-252c-5083-9786-76b9402dcaa0" class="has-submenu" href="25ef270e-252c-5083-9786-76b9402dcaa0.htm"><span data-tocFile="../toc/IDCBEA.xml" class="icon toggle" onclick="ToggleExpandCollapse(this); return false;"><i class="fa fa-angle-right"> </i></span>Methods</a><ul class="toc-menu is-hidden"> </ul></li><li><a id="a1eec501-be5e-925e-1a61-d2ab60ed84b3" href="a1eec501-be5e-925e-1a61-d2ab60ed84b3.htm">Events</a></li><li><a id="bf1d850b-0344-e5ab-0ec2-6b96e4229ccf" class="has-submenu" href="bf1d850b-0344-e5ab-0ec2-6b96e4229ccf.htm"><span data-tocFile="../toc/IDEBEA.xml" class="icon toggle" onclick="ToggleExpandCollapse(this); return false;"><i class="fa fa-angle-right"> </i></span>Fields</a><ul class="toc-menu is-hidden"> </ul></li></tocItems></toc>