﻿<?xml version="1.0" encoding="utf-8"?><toc><breadcrumbs><li><a href="d75eb659-6335-53f6-af7a-81814a21ab7f.htm">Docs</a></li><li><a href="d75eb659-6335-53f6-af7a-81814a21ab7f.htm">Gestion du personnel</a></li><li><a href="8560409a-53e5-87cd-90bf-fdb53fa6dbe7.htm">gestion_<wbr />personnel.<wbr />model</a></li><li><a href="320edc80-ef0a-db73-5eb7-b329084c50d0.htm">Motif</a></li></breadcrumbs><tocItems><li><a id="e3ef2b5d-3841-1c65-8b7d-3b995895e011" href="e3ef2b5d-3841-1c65-8b7d-3b995895e011.htm">Constructor</a></li><li><a id="44452285-fd35-8df4-3644-306c17813422" class="has-submenu" href="44452285-fd35-8df4-3644-306c17813422.htm"><span data-tocFile="../toc/IDBBEA.xml" class="icon toggle" onclick="ToggleExpandCollapse(this); return false;"><i class="fa fa-angle-right"> </i></span>Properties</a><ul class="toc-menu is-hidden"> </ul></li><li><a id="867d7f6d-10a3-63c9-cd3f-fb05dcd64443" class="has-submenu" href="867d7f6d-10a3-63c9-cd3f-fb05dcd64443.htm"><span data-tocFile="../toc/IDCBEA.xml" class="icon toggle" onclick="ToggleExpandCollapse(this); return false;"><i class="fa fa-angle-right"> </i></span>Methods</a><ul class="toc-menu is-hidden"> </ul></li></tocItems></toc>