﻿<?xml version="1.0" encoding="utf-8"?><toc><breadcrumbs><li><a href="d75eb659-6335-53f6-af7a-81814a21ab7f.htm">Docs</a></li><li><a href="d75eb659-6335-53f6-af7a-81814a21ab7f.htm">Gestion du personnel</a></li><li><a href="8560409a-53e5-87cd-90bf-fdb53fa6dbe7.htm">gestion_<wbr />personnel.<wbr />model</a></li><li><a href="c02b8d15-be57-7287-912a-fcfb1783c6e9.htm">Service</a></li><li><a href="140dabe8-bd72-d148-2ae2-227f1d9e5a8a.htm">Properties</a></li></breadcrumbs><tocItems><li><a id="80bbe0cd-8164-07a7-0f1a-2bca089b08ae" href="80bbe0cd-8164-07a7-0f1a-2bca089b08ae.htm">idservice</a></li><li><a id="af3a1a85-677f-605e-3fa0-4b885dd7c347" href="af3a1a85-677f-605e-3fa0-4b885dd7c347.htm">nom</a></li></tocItems></toc>