﻿<?xml version="1.0" encoding="utf-8"?><toc><breadcrumbs><li><a href="d75eb659-6335-53f6-af7a-81814a21ab7f.htm">Docs</a></li><li><a href="d75eb659-6335-53f6-af7a-81814a21ab7f.htm">Gestion du personnel</a></li><li><a href="bdac84b2-3d04-50cc-1695-4305cb9973db.htm">gestion_<wbr />personnel.<wbr />view</a></li><li><a href="86d72d2b-c5ca-7c0d-c25f-24bdafb098a3.htm">Frm<wbr />Authentification</a></li><li><a href="ff355208-db3a-0c62-8fe6-7a865d397e64.htm">Methods</a></li></breadcrumbs><tocItems><li><a id="720cc1c6-8e87-83c5-ec5c-8504cc385944" class="has-submenu" href="720cc1c6-8e87-83c5-ec5c-8504cc385944.htm"><span data-tocFile="../toc/IDACAEA.xml" class="icon toggle" onclick="ToggleExpandCollapse(this); return false;"><i class="fa fa-angle-right"> </i></span>Dispose</a><ul class="toc-menu is-hidden"> </ul></li><li><a id="4df9a296-b677-192f-b47e-1993b6619867" href="4df9a296-b677-192f-b47e-1993b6619867.htm">Initialize<wbr />Component</a></li></tocItems></toc>