﻿<?xml version="1.0" encoding="utf-8"?><toc><breadcrumbs><li><a href="d75eb659-6335-53f6-af7a-81814a21ab7f.htm">Docs</a></li><li><a href="d75eb659-6335-53f6-af7a-81814a21ab7f.htm">Gestion du personnel</a></li><li><a href="d690dab1-7d08-6ba0-f77f-d55ee0ee90ad.htm">gestion_<wbr />personnel.<wbr />controller</a></li><li><a href="bf6641e4-d1b9-123d-39a8-a12c73bfb7e5.htm">Frm<wbr />Authentification<wbr />Controller</a></li><li><a href="bdab0203-1010-842b-f347-dd07401cdd77.htm">Fields</a></li></breadcrumbs><tocItems><li><a id="746ae1a2-fb1b-7e4b-5af0-a38208fa193d" href="746ae1a2-fb1b-7e4b-5af0-a38208fa193d.htm">responsable<wbr />Access</a></li></tocItems></toc>