﻿<?xml version="1.0" encoding="utf-8"?><toc><breadcrumbs><li><a href="d75eb659-6335-53f6-af7a-81814a21ab7f.htm">Docs</a></li><li><a href="d75eb659-6335-53f6-af7a-81814a21ab7f.htm">Gestion du personnel</a></li><li><a href="d690dab1-7d08-6ba0-f77f-d55ee0ee90ad.htm">gestion_<wbr />personnel.<wbr />controller</a></li></breadcrumbs><tocItems><li><a id="bf6641e4-d1b9-123d-39a8-a12c73bfb7e5" class="has-submenu" href="bf6641e4-d1b9-123d-39a8-a12c73bfb7e5.htm"><span data-tocFile="../toc/IDACA.xml" class="icon toggle" onclick="ToggleExpandCollapse(this); return false;"><i class="fa fa-angle-right"> </i></span>Frm<wbr />Authentification<wbr />Controller</a><ul class="toc-menu is-hidden"> </ul></li><li><a id="9dd7c1c3-92e6-97fc-9813-80e452653b8e" class="has-submenu" href="9dd7c1c3-92e6-97fc-9813-80e452653b8e.htm"><span data-tocFile="../toc/IDBCA.xml" class="icon toggle" onclick="ToggleExpandCollapse(this); return false;"><i class="fa fa-angle-right"> </i></span>Frm<wbr />Gestion<wbr />Controller</a><ul class="toc-menu is-hidden"> </ul></li></tocItems></toc>