﻿<?xml version="1.0" encoding="utf-8"?><toc><breadcrumbs><li><a href="d75eb659-6335-53f6-af7a-81814a21ab7f.htm">Docs</a></li><li><a href="d75eb659-6335-53f6-af7a-81814a21ab7f.htm">Gestion du personnel</a></li><li><a href="44a0e5fc-63dd-e6c4-8346-66d0583fe233.htm">gestion_<wbr />personnel.<wbr />dal</a></li></breadcrumbs><tocItems><li><a id="881bb3e4-d695-9756-31fb-b40ca7243c16" class="has-submenu" href="881bb3e4-d695-9756-31fb-b40ca7243c16.htm"><span data-tocFile="../toc/IDACA.xml" class="icon toggle" onclick="ToggleExpandCollapse(this); return false;"><i class="fa fa-angle-right"> </i></span>Access</a><ul class="toc-menu is-hidden"> </ul></li></tocItems></toc>