﻿<?xml version="1.0" encoding="utf-8"?><toc><breadcrumbs><li><a href="d75eb659-6335-53f6-af7a-81814a21ab7f.htm">Docs</a></li><li><a href="d75eb659-6335-53f6-af7a-81814a21ab7f.htm">Gestion du personnel</a></li><li><a href="44a0e5fc-63dd-e6c4-8346-66d0583fe233.htm">gestion_<wbr />personnel.<wbr />dal</a></li><li><a href="881bb3e4-d695-9756-31fb-b40ca7243c16.htm">Access</a></li><li><a href="f7fa693f-4b05-9a8d-1eab-7e3b1eb11764.htm">Properties</a></li></breadcrumbs><tocItems><li><a id="135c2531-bcf7-3e47-8448-aec57b0fc5eb" href="135c2531-bcf7-3e47-8448-aec57b0fc5eb.htm">Manager</a></li></tocItems></toc>