﻿<?xml version="1.0" encoding="utf-8"?><toc><breadcrumbs><li><a href="d75eb659-6335-53f6-af7a-81814a21ab7f.htm">Docs</a></li><li><a href="d75eb659-6335-53f6-af7a-81814a21ab7f.htm">Gestion du personnel</a></li><li><a href="3262cda6-7aa2-7cec-034e-c1912723646f.htm">gestion_<wbr />personnel.<wbr />bddmanager</a></li><li><a href="0e7de5d7-a6cb-ef9c-f523-41392ffcfda9.htm">Bdd<wbr />Manager</a></li><li><a href="962981f1-dcc8-53dd-ea8a-8c28e31ab9a2.htm">Fields</a></li></breadcrumbs><tocItems><li><a id="33931d97-e866-2b2b-f37b-766fa9f04721" href="33931d97-e866-2b2b-f37b-766fa9f04721.htm">connection</a></li><li><a id="8090b650-8672-dffc-e19a-2014ad8697a6" href="8090b650-8672-dffc-e19a-2014ad8697a6.htm">instance</a></li></tocItems></toc>