﻿<?xml version="1.0" encoding="utf-8"?><toc><breadcrumbs><li><a href="d75eb659-6335-53f6-af7a-81814a21ab7f.htm">Docs</a></li><li><a href="d75eb659-6335-53f6-af7a-81814a21ab7f.htm">Gestion du personnel</a></li><li><a href="44a0e5fc-63dd-e6c4-8346-66d0583fe233.htm">gestion_<wbr />personnel.<wbr />dal</a></li><li><a href="6e1f8340-4a94-4dc2-bd24-84776ebbaea8.htm">Motif<wbr />Access</a></li><li><a href="719df22f-0d99-5281-0248-43d8d215a26b.htm">Fields</a></li></breadcrumbs><tocItems><li><a id="0b716e2d-9d6a-bb30-e533-b9d906c3d7a9" href="0b716e2d-9d6a-bb30-e533-b9d906c3d7a9.htm">access</a></li></tocItems></toc>