﻿<?xml version="1.0" encoding="utf-8"?><toc><breadcrumbs><li><a href="d75eb659-6335-53f6-af7a-81814a21ab7f.htm">Docs</a></li><li><a href="d75eb659-6335-53f6-af7a-81814a21ab7f.htm">Gestion du personnel</a></li><li><a href="bdac84b2-3d04-50cc-1695-4305cb9973db.htm">gestion_<wbr />personnel.<wbr />view</a></li><li><a href="4a82628b-515e-2459-cf0b-59315a652aa1.htm">Frm<wbr />Gestion</a></li><li><a href="308020fb-e240-a9a4-226a-a1e89243eda2.htm">Methods</a></li></breadcrumbs><tocItems><li><a id="f3a23357-4c2e-78fd-98f5-52978c9ec139" href="f3a23357-4c2e-78fd-98f5-52978c9ec139.htm">Activer<wbr />Boutons<wbr />Absence</a></li><li><a id="47d76a69-9c54-ec27-c9be-8b1c6f0829f5" href="47d76a69-9c54-ec27-c9be-8b1c6f0829f5.htm">Activer<wbr />Boutons<wbr />Personnel</a></li><li><a id="e76c5549-c7f1-e436-9a87-5d33a17b6961" href="e76c5549-c7f1-e436-9a87-5d33a17b6961.htm">Activer<wbr />Saisie<wbr />Absence</a></li><li><a id="a8765df8-b31b-de7a-bca3-fb4d078194af" href="a8765df8-b31b-de7a-bca3-fb4d078194af.htm">Activer<wbr />Saisie<wbr />Personnel</a></li><li><a id="87978618-6f36-58e0-4764-1174e40d7bac" href="87978618-6f36-58e0-4764-1174e40d7bac.htm">button<wbr />Afficher<wbr />A_<wbr />Click</a></li><li><a id="fe77d097-51db-6142-6de9-00e7f5bc0dce" href="fe77d097-51db-6142-6de9-00e7f5bc0dce.htm">button<wbr />Afficher<wbr />P_<wbr />Click</a></li><li><a id="7f1c11a8-0ca0-a37f-d648-cde4d510f048" href="7f1c11a8-0ca0-a37f-d648-cde4d510f048.htm">button<wbr />Ajouter<wbr />A_<wbr />Click</a></li><li><a id="9605c814-a7a8-d5a0-7e64-2c3533ac084c" href="9605c814-a7a8-d5a0-7e64-2c3533ac084c.htm">button<wbr />Ajouter<wbr />P_<wbr />Click</a></li><li><a id="1631298b-206e-825e-8621-c14867d59a9d" href="1631298b-206e-825e-8621-c14867d59a9d.htm">button<wbr />Annuler<wbr />A_<wbr />Click</a></li><li><a id="6bd5ac9e-f8ae-e734-0341-d1a9ef27b5e1" href="6bd5ac9e-f8ae-e734-0341-d1a9ef27b5e1.htm">button<wbr />Annuler<wbr />P_<wbr />Click</a></li><li><a id="8af327ec-5fb8-6c38-a737-42db9c52a5c4" href="8af327ec-5fb8-6c38-a737-42db9c52a5c4.htm">button<wbr />Enregistrer<wbr />A_<wbr />Click</a></li><li><a id="59ad1954-ed3f-8ae2-9fac-66a431be5ab9" href="59ad1954-ed3f-8ae2-9fac-66a431be5ab9.htm">button<wbr />Enregistrer<wbr />P_<wbr />Click</a></li><li><a id="d065e5d3-a7ef-a5ee-10b0-c3af8093ab6d" href="d065e5d3-a7ef-a5ee-10b0-c3af8093ab6d.htm">button<wbr />Modifier<wbr />A_<wbr />Click</a></li><li><a id="c9c6a356-3d5a-d395-c569-8c9d9c273c2a" href="c9c6a356-3d5a-d395-c569-8c9d9c273c2a.htm">button<wbr />Modifier<wbr />P_<wbr />Click</a></li><li><a id="9e419c90-f6d7-6031-897b-32dca4fd5d77" href="9e419c90-f6d7-6031-897b-32dca4fd5d77.htm">button<wbr />Supprimer<wbr />A_<wbr />Click</a></li><li><a id="2161fa47-e1a2-aed8-aae1-0d03e08b5320" href="2161fa47-e1a2-aed8-aae1-0d03e08b5320.htm">button<wbr />Supprimer<wbr />P_<wbr />Click</a></li><li><a id="9e543561-7308-9408-6711-c76ee0b4a8c5" href="9e543561-7308-9408-6711-c76ee0b4a8c5.htm">dgv<wbr />Tableau_<wbr />Selection<wbr />Changed</a></li><li><a id="f106e439-f437-7dbf-253f-5399a6ede979" class="has-submenu" href="f106e439-f437-7dbf-253f-5399a6ede979.htm"><span data-tocFile="../toc/IDRCBFA.xml" class="icon toggle" onclick="ToggleExpandCollapse(this); return false;"><i class="fa fa-angle-right"> </i></span>Dispose</a><ul class="toc-menu is-hidden"> </ul></li><li><a id="7570fdb4-023b-d58b-32dd-e2d36e9c3797" href="7570fdb4-023b-d58b-32dd-e2d36e9c3797.htm">En<wbr />Cours<wbr />De<wbr />Modif<wbr />Absence</a></li><li><a id="d348e447-bd53-6b86-c8e7-795dd621d0eb" href="d348e447-bd53-6b86-c8e7-795dd621d0eb.htm">En<wbr />Cours<wbr />De<wbr />Modif<wbr />Personnel</a></li><li><a id="c630fc9b-1ad4-20c5-31df-4fa3e05436ef" href="c630fc9b-1ad4-20c5-31df-4fa3e05436ef.htm">Frm<wbr />Gestion_<wbr />Load</a></li><li><a id="9b02b84e-a6a4-27d4-6648-d38b7edd3cdb" href="9b02b84e-a6a4-27d4-6648-d38b7edd3cdb.htm">Init</a></li><li><a id="30267176-f4de-3ade-4dfc-96cb98af1082" href="30267176-f4de-3ade-4dfc-96cb98af1082.htm">Initialiser<wbr />Etat<wbr />Interface</a></li><li><a id="30ddce50-f911-053b-7665-0e3a243c8d7a" href="30ddce50-f911-053b-7665-0e3a243c8d7a.htm">Initialize<wbr />Component</a></li><li><a id="c391cb10-ba12-c304-c468-c276d1a99417" href="c391cb10-ba12-c304-c468-c276d1a99417.htm">Remplir<wbr />Liste<wbr />Absences</a></li><li><a id="15c978ed-5275-ff46-e024-d40d24142763" href="15c978ed-5275-ff46-e024-d40d24142763.htm">Remplir<wbr />Liste<wbr />Personnel</a></li><li><a id="0f2f724e-0a4e-6b57-5a7a-8584551b7b19" href="0f2f724e-0a4e-6b57-5a7a-8584551b7b19.htm">Remplir<wbr />Motifs</a></li><li><a id="22553183-b9c3-3687-0dc3-f8ed574631a3" href="22553183-b9c3-3687-0dc3-f8ed574631a3.htm">Remplir<wbr />Services</a></li></tocItems></toc>