﻿<?xml version="1.0" encoding="utf-8"?><toc><breadcrumbs><li><a href="d75eb659-6335-53f6-af7a-81814a21ab7f.htm">Docs</a></li><li><a href="d75eb659-6335-53f6-af7a-81814a21ab7f.htm">Gestion du personnel</a></li><li><a href="8560409a-53e5-87cd-90bf-fdb53fa6dbe7.htm">gestion_<wbr />personnel.<wbr />model</a></li><li><a href="320edc80-ef0a-db73-5eb7-b329084c50d0.htm">Motif</a></li><li><a href="867d7f6d-10a3-63c9-cd3f-fb05dcd64443.htm">Methods</a></li></breadcrumbs><tocItems><li><a id="25c8195f-1a5e-69f8-709c-a570a5c420de" href="25c8195f-1a5e-69f8-709c-a570a5c420de.htm">To<wbr />String</a></li></tocItems></toc>