﻿<?xml version="1.0" encoding="utf-8"?><toc><breadcrumbs><li><a href="d75eb659-6335-53f6-af7a-81814a21ab7f.htm">Docs</a></li><li><a href="d75eb659-6335-53f6-af7a-81814a21ab7f.htm">Gestion du personnel</a></li><li><a href="d690dab1-7d08-6ba0-f77f-d55ee0ee90ad.htm">gestion_<wbr />personnel.<wbr />controller</a></li><li><a href="9dd7c1c3-92e6-97fc-9813-80e452653b8e.htm">Frm<wbr />Gestion<wbr />Controller</a></li><li><a href="d20e2b3f-a4f4-c8a5-55a0-71a8f8f2d045.htm">Fields</a></li></breadcrumbs><tocItems><li><a id="0ab1c40d-bd08-ad17-ff1d-4ff2583a887b" href="0ab1c40d-bd08-ad17-ff1d-4ff2583a887b.htm">absence<wbr />Access</a></li><li><a id="5516d918-ff2a-e91c-ae48-a54e59c46f4a" href="5516d918-ff2a-e91c-ae48-a54e59c46f4a.htm">motif<wbr />Access</a></li><li><a id="9a7a65e4-9939-4ae8-e8f4-344a366c1da2" href="9a7a65e4-9939-4ae8-e8f4-344a366c1da2.htm">personnel<wbr />Access</a></li><li><a id="b94c2a69-0552-6192-b59c-246e58d246bf" href="b94c2a69-0552-6192-b59c-246e58d246bf.htm">service<wbr />Access</a></li></tocItems></toc>