﻿<?xml version="1.0" encoding="utf-8"?><toc><breadcrumbs><li><a href="d75eb659-6335-53f6-af7a-81814a21ab7f.htm">Docs</a></li><li><a href="d75eb659-6335-53f6-af7a-81814a21ab7f.htm">Gestion du personnel</a></li><li><a href="bdac84b2-3d04-50cc-1695-4305cb9973db.htm">gestion_<wbr />personnel.<wbr />view</a></li><li><a href="4a82628b-515e-2459-cf0b-59315a652aa1.htm">Frm<wbr />Gestion</a></li><li><a href="308020fb-e240-a9a4-226a-a1e89243eda2.htm">Methods</a></li></breadcrumbs><tocItems><li><a id="f106e439-f437-7dbf-253f-5399a6ede979" class="has-submenu" href="f106e439-f437-7dbf-253f-5399a6ede979.htm"><span data-tocFile="../toc/IDACCEA.xml" class="icon toggle" onclick="ToggleExpandCollapse(this); return false;"><i class="fa fa-angle-right"> </i></span>Dispose</a><ul class="toc-menu is-hidden"> </ul></li><li><a id="30ddce50-f911-053b-7665-0e3a243c8d7a" href="30ddce50-f911-053b-7665-0e3a243c8d7a.htm">Initialize<wbr />Component</a></li></tocItems></toc>