﻿<?xml version="1.0" encoding="utf-8"?><toc><breadcrumbs><li><a href="d75eb659-6335-53f6-af7a-81814a21ab7f.htm">Docs</a></li><li><a href="d75eb659-6335-53f6-af7a-81814a21ab7f.htm">Gestion du personnel</a></li><li><a href="44a0e5fc-63dd-e6c4-8346-66d0583fe233.htm">gestion_<wbr />personnel.<wbr />dal</a></li><li><a href="ea3d1f7c-65f7-238b-7e1e-f28026725177.htm">Responsable<wbr />Access</a></li><li><a href="c4b1633a-5cf4-e7ea-f09f-905a00d5fcc0.htm">Fields</a></li></breadcrumbs><tocItems><li><a id="93984af6-4269-239d-bc90-0034d2595ad8" href="93984af6-4269-239d-bc90-0034d2595ad8.htm">access</a></li></tocItems></toc>