﻿<?xml version="1.0" encoding="utf-8"?><toc><breadcrumbs><li><a href="d75eb659-6335-53f6-af7a-81814a21ab7f.htm">Docs</a></li><li><a href="d75eb659-6335-53f6-af7a-81814a21ab7f.htm">Gestion du personnel</a></li><li><a href="8560409a-53e5-87cd-90bf-fdb53fa6dbe7.htm">gestion_<wbr />personnel.<wbr />model</a></li><li><a href="f75a0990-e620-9134-dd3b-b7277f04b1d0.htm">Personnel</a></li></breadcrumbs><tocItems><li><a id="613f3f63-35bc-c128-2ec2-68039701556d" href="613f3f63-35bc-c128-2ec2-68039701556d.htm">Constructor</a></li><li><a id="e8dfe99b-9dc1-0854-1509-d9b89ff5b944" class="has-submenu" href="e8dfe99b-9dc1-0854-1509-d9b89ff5b944.htm"><span data-tocFile="../toc/IDBCDA.xml" class="icon toggle" onclick="ToggleExpandCollapse(this); return false;"><i class="fa fa-angle-right"> </i></span>Properties</a><ul class="toc-menu is-hidden"> </ul></li><li><a id="6bfd6f49-9fe8-4efc-268b-c4fb036b5841" href="6bfd6f49-9fe8-4efc-268b-c4fb036b5841.htm">Methods</a></li></tocItems></toc>