﻿<?xml version="1.0" encoding="utf-8"?><toc><breadcrumbs><li><a href="d75eb659-6335-53f6-af7a-81814a21ab7f.htm">Docs</a></li><li><a href="d75eb659-6335-53f6-af7a-81814a21ab7f.htm">Gestion du personnel</a></li><li><a href="44a0e5fc-63dd-e6c4-8346-66d0583fe233.htm">gestion_<wbr />personnel.<wbr />dal</a></li><li><a href="ea3d1f7c-65f7-238b-7e1e-f28026725177.htm">Responsable<wbr />Access</a></li></breadcrumbs><tocItems><li><a id="33944bdd-aeaf-1518-c756-5071546fcb83" href="33944bdd-aeaf-1518-c756-5071546fcb83.htm">Constructor</a></li><li><a id="7df3aba5-f229-744b-4015-890f3615f159" class="has-submenu" href="7df3aba5-f229-744b-4015-890f3615f159.htm"><span data-tocFile="../toc/IDBCDA.xml" class="icon toggle" onclick="ToggleExpandCollapse(this); return false;"><i class="fa fa-angle-right"> </i></span>Methods</a><ul class="toc-menu is-hidden"> </ul></li><li><a id="c4b1633a-5cf4-e7ea-f09f-905a00d5fcc0" class="has-submenu" href="c4b1633a-5cf4-e7ea-f09f-905a00d5fcc0.htm"><span data-tocFile="../toc/IDCCDA.xml" class="icon toggle" onclick="ToggleExpandCollapse(this); return false;"><i class="fa fa-angle-right"> </i></span>Fields</a><ul class="toc-menu is-hidden"> </ul></li></tocItems></toc>