﻿<?xml version="1.0" encoding="utf-8"?><toc><breadcrumbs><li><a href="d75eb659-6335-53f6-af7a-81814a21ab7f.htm">Docs</a></li><li><a href="d75eb659-6335-53f6-af7a-81814a21ab7f.htm">Gestion du personnel</a></li><li><a href="44a0e5fc-63dd-e6c4-8346-66d0583fe233.htm">gestion_<wbr />personnel.<wbr />dal</a></li><li><a href="6f3c4f68-13dc-f526-6f60-c39455588bca.htm">Service<wbr />Access</a></li><li><a href="467f3d6c-e17b-991c-7b17-4e6a161229a2.htm">Fields</a></li></breadcrumbs><tocItems><li><a id="0b0cae54-6761-8fdf-876e-ef2078bc858b" href="0b0cae54-6761-8fdf-876e-ef2078bc858b.htm">access</a></li></tocItems></toc>