﻿<?xml version="1.0" encoding="utf-8"?><toc><breadcrumbs><li><a href="d75eb659-6335-53f6-af7a-81814a21ab7f.htm">Docs</a></li><li><a href="d75eb659-6335-53f6-af7a-81814a21ab7f.htm">Gestion du personnel</a></li><li><a href="8560409a-53e5-87cd-90bf-fdb53fa6dbe7.htm">gestion_<wbr />personnel.<wbr />model</a></li><li><a href="c02b8d15-be57-7287-912a-fcfb1783c6e9.htm">Service</a></li><li><a href="5fe237dc-c618-39f9-2931-b565ee632cbb.htm">Methods</a></li></breadcrumbs><tocItems><li><a id="ff59941e-8c04-1ce5-5184-161e140d8cf3" href="ff59941e-8c04-1ce5-5184-161e140d8cf3.htm">To<wbr />String</a></li></tocItems></toc>