﻿<?xml version="1.0" encoding="utf-8"?><toc><breadcrumbs><li><a href="d75eb659-6335-53f6-af7a-81814a21ab7f.htm">Docs</a></li><li><a href="d75eb659-6335-53f6-af7a-81814a21ab7f.htm">Gestion du personnel</a></li><li><a href="bdac84b2-3d04-50cc-1695-4305cb9973db.htm">gestion_<wbr />personnel.<wbr />view</a></li><li><a href="4a82628b-515e-2459-cf0b-59315a652aa1.htm">Frm<wbr />Gestion</a></li></breadcrumbs><tocItems><li><a id="b337635e-5f13-0192-614a-e1cd26d5a66c" href="b337635e-5f13-0192-614a-e1cd26d5a66c.htm">Constructor</a></li><li><a id="da0f1217-6f69-769e-5337-6b6de35d4097" href="da0f1217-6f69-769e-5337-6b6de35d4097.htm">Properties</a></li><li><a id="308020fb-e240-a9a4-226a-a1e89243eda2" class="has-submenu" href="308020fb-e240-a9a4-226a-a1e89243eda2.htm"><span data-tocFile="../toc/IDCCEA.xml" class="icon toggle" onclick="ToggleExpandCollapse(this); return false;"><i class="fa fa-angle-right"> </i></span>Methods</a><ul class="toc-menu is-hidden"> </ul></li><li><a id="221072b2-5e6c-7246-ec02-bcfa0e5ef45c" href="221072b2-5e6c-7246-ec02-bcfa0e5ef45c.htm">Events</a></li><li><a id="c10c2f38-8f7c-d11c-2099-09b419af36cd" class="has-submenu" href="c10c2f38-8f7c-d11c-2099-09b419af36cd.htm"><span data-tocFile="../toc/IDECEA.xml" class="icon toggle" onclick="ToggleExpandCollapse(this); return false;"><i class="fa fa-angle-right"> </i></span>Fields</a><ul class="toc-menu is-hidden"> </ul></li></tocItems></toc>