﻿<?xml version="1.0" encoding="utf-8"?><toc><breadcrumbs><li><a href="d75eb659-6335-53f6-af7a-81814a21ab7f.htm">Docs</a></li><li><a href="d75eb659-6335-53f6-af7a-81814a21ab7f.htm">Gestion du personnel</a></li><li><a href="44a0e5fc-63dd-e6c4-8346-66d0583fe233.htm">gestion_<wbr />personnel.<wbr />dal</a></li><li><a href="881bb3e4-d695-9756-31fb-b40ca7243c16.htm">Access</a></li><li><a href="498d69ed-74d9-b7cd-86ad-ad07428512ad.htm">Methods</a></li></breadcrumbs><tocItems><li><a id="7d80d568-0313-df87-7838-d214aea23b50" href="7d80d568-0313-df87-7838-d214aea23b50.htm">Get<wbr />Connection<wbr />String<wbr />By<wbr />Name</a></li><li><a id="544e7799-a8f3-75dd-e147-d591191e4ed6" href="544e7799-a8f3-75dd-e147-d591191e4ed6.htm">Get<wbr />Instance</a></li></tocItems></toc>