﻿<?xml version="1.0" encoding="utf-8"?><toc><breadcrumbs><li><a href="d75eb659-6335-53f6-af7a-81814a21ab7f.htm">Docs</a></li><li><a href="d75eb659-6335-53f6-af7a-81814a21ab7f.htm">Gestion du personnel</a></li><li><a href="44a0e5fc-63dd-e6c4-8346-66d0583fe233.htm">gestion_<wbr />personnel.<wbr />dal</a></li></breadcrumbs><tocItems><li><a id="881bb3e4-d695-9756-31fb-b40ca7243c16" class="has-submenu" href="881bb3e4-d695-9756-31fb-b40ca7243c16.htm"><span data-tocFile="../toc/IDADA.xml" class="icon toggle" onclick="ToggleExpandCollapse(this); return false;"><i class="fa fa-angle-right"> </i></span>Access</a><ul class="toc-menu is-hidden"> </ul></li><li><a id="6e1f8340-4a94-4dc2-bd24-84776ebbaea8" class="has-submenu" href="6e1f8340-4a94-4dc2-bd24-84776ebbaea8.htm"><span data-tocFile="../toc/IDBDA.xml" class="icon toggle" onclick="ToggleExpandCollapse(this); return false;"><i class="fa fa-angle-right"> </i></span>Motif<wbr />Access</a><ul class="toc-menu is-hidden"> </ul></li><li><a id="ea3d1f7c-65f7-238b-7e1e-f28026725177" class="has-submenu" href="ea3d1f7c-65f7-238b-7e1e-f28026725177.htm"><span data-tocFile="../toc/IDCDA.xml" class="icon toggle" onclick="ToggleExpandCollapse(this); return false;"><i class="fa fa-angle-right"> </i></span>Responsable<wbr />Access</a><ul class="toc-menu is-hidden"> </ul></li><li><a id="6f3c4f68-13dc-f526-6f60-c39455588bca" class="has-submenu" href="6f3c4f68-13dc-f526-6f60-c39455588bca.htm"><span data-tocFile="../toc/IDDDA.xml" class="icon toggle" onclick="ToggleExpandCollapse(this); return false;"><i class="fa fa-angle-right"> </i></span>Service<wbr />Access</a><ul class="toc-menu is-hidden"> </ul></li></tocItems></toc>