﻿<?xml version="1.0" encoding="utf-8"?><toc><breadcrumbs><li><a href="d75eb659-6335-53f6-af7a-81814a21ab7f.htm">Docs</a></li><li><a href="d75eb659-6335-53f6-af7a-81814a21ab7f.htm">Gestion du personnel</a></li><li><a href="8560409a-53e5-87cd-90bf-fdb53fa6dbe7.htm">gestion_<wbr />personnel.<wbr />model</a></li><li><a href="ff2c4742-62a2-c524-6c28-22b43c5242ed.htm">Responsable</a></li></breadcrumbs><tocItems><li><a id="e770c7af-1349-f24a-e3c2-3c16a42da0b5" href="e770c7af-1349-f24a-e3c2-3c16a42da0b5.htm">Constructor</a></li><li><a id="4c5cd528-0d76-1309-feb0-ce4796c297aa" class="has-submenu" href="4c5cd528-0d76-1309-feb0-ce4796c297aa.htm"><span data-tocFile="../toc/IDBDDA.xml" class="icon toggle" onclick="ToggleExpandCollapse(this); return false;"><i class="fa fa-angle-right"> </i></span>Properties</a><ul class="toc-menu is-hidden"> </ul></li><li><a id="44a513e9-9ce7-6926-97db-aa32889da7b8" href="44a513e9-9ce7-6926-97db-aa32889da7b8.htm">Methods</a></li></tocItems></toc>