﻿<?xml version="1.0" encoding="utf-8"?><toc><breadcrumbs><li><a href="d75eb659-6335-53f6-af7a-81814a21ab7f.htm">Docs</a></li><li><a href="d75eb659-6335-53f6-af7a-81814a21ab7f.htm">Gestion du personnel</a></li><li><a href="44a0e5fc-63dd-e6c4-8346-66d0583fe233.htm">gestion_<wbr />personnel.<wbr />dal</a></li><li><a href="6f3c4f68-13dc-f526-6f60-c39455588bca.htm">Service<wbr />Access</a></li></breadcrumbs><tocItems><li><a id="9de923d3-21f9-011b-c9de-f6c5b73ead41" href="9de923d3-21f9-011b-c9de-f6c5b73ead41.htm">Constructor</a></li><li><a id="2ea2d4ea-5cc9-de6a-8108-4b3ae98a9c1f" class="has-submenu" href="2ea2d4ea-5cc9-de6a-8108-4b3ae98a9c1f.htm"><span data-tocFile="../toc/IDBDDA.xml" class="icon toggle" onclick="ToggleExpandCollapse(this); return false;"><i class="fa fa-angle-right"> </i></span>Methods</a><ul class="toc-menu is-hidden"> </ul></li><li><a id="467f3d6c-e17b-991c-7b17-4e6a161229a2" class="has-submenu" href="467f3d6c-e17b-991c-7b17-4e6a161229a2.htm"><span data-tocFile="../toc/IDCDDA.xml" class="icon toggle" onclick="ToggleExpandCollapse(this); return false;"><i class="fa fa-angle-right"> </i></span>Fields</a><ul class="toc-menu is-hidden"> </ul></li></tocItems></toc>