﻿<?xml version="1.0" encoding="utf-8"?><toc><breadcrumbs><li><a href="d75eb659-6335-53f6-af7a-81814a21ab7f.htm">Docs</a></li><li><a href="d75eb659-6335-53f6-af7a-81814a21ab7f.htm">Gestion du personnel</a></li><li><a href="44a0e5fc-63dd-e6c4-8346-66d0583fe233.htm">gestion_<wbr />personnel.<wbr />dal</a></li><li><a href="881bb3e4-d695-9756-31fb-b40ca7243c16.htm">Access</a></li><li><a href="833683dd-ed15-479e-b182-1cdf2337b7bc.htm">Fields</a></li></breadcrumbs><tocItems><li><a id="fdd22dde-de81-44af-ab48-07f68fb2897d" href="fdd22dde-de81-44af-ab48-07f68fb2897d.htm">connection<wbr />Name</a></li><li><a id="ec039ef5-e24d-3cb1-4d3d-f07235ef2851" href="ec039ef5-e24d-3cb1-4d3d-f07235ef2851.htm">instance</a></li></tocItems></toc>