﻿<?xml version="1.0" encoding="utf-8"?><toc><breadcrumbs><li><a href="d75eb659-6335-53f6-af7a-81814a21ab7f.htm">Docs</a></li><li><a href="d75eb659-6335-53f6-af7a-81814a21ab7f.htm">Gestion du personnel</a></li><li><a href="8560409a-53e5-87cd-90bf-fdb53fa6dbe7.htm">gestion_<wbr />personnel.<wbr />model</a></li></breadcrumbs><tocItems><li><a id="fa642274-e451-a623-f08b-6df752c00c9b" class="has-submenu" href="fa642274-e451-a623-f08b-6df752c00c9b.htm"><span data-tocFile="../toc/IDAEA.xml" class="icon toggle" onclick="ToggleExpandCollapse(this); return false;"><i class="fa fa-angle-right"> </i></span>Absence</a><ul class="toc-menu is-hidden"> </ul></li><li><a id="320edc80-ef0a-db73-5eb7-b329084c50d0" class="has-submenu" href="320edc80-ef0a-db73-5eb7-b329084c50d0.htm"><span data-tocFile="../toc/IDBEA.xml" class="icon toggle" onclick="ToggleExpandCollapse(this); return false;"><i class="fa fa-angle-right"> </i></span>Motif</a><ul class="toc-menu is-hidden"> </ul></li><li><a id="f75a0990-e620-9134-dd3b-b7277f04b1d0" class="has-submenu" href="f75a0990-e620-9134-dd3b-b7277f04b1d0.htm"><span data-tocFile="../toc/IDCEA.xml" class="icon toggle" onclick="ToggleExpandCollapse(this); return false;"><i class="fa fa-angle-right"> </i></span>Personnel</a><ul class="toc-menu is-hidden"> </ul></li><li><a id="ff2c4742-62a2-c524-6c28-22b43c5242ed" class="has-submenu" href="ff2c4742-62a2-c524-6c28-22b43c5242ed.htm"><span data-tocFile="../toc/IDDEA.xml" class="icon toggle" onclick="ToggleExpandCollapse(this); return false;"><i class="fa fa-angle-right"> </i></span>Responsable</a><ul class="toc-menu is-hidden"> </ul></li><li><a id="c02b8d15-be57-7287-912a-fcfb1783c6e9" class="has-submenu" href="c02b8d15-be57-7287-912a-fcfb1783c6e9.htm"><span data-tocFile="../toc/IDEEA.xml" class="icon toggle" onclick="ToggleExpandCollapse(this); return false;"><i class="fa fa-angle-right"> </i></span>Service</a><ul class="toc-menu is-hidden"> </ul></li></tocItems></toc>