﻿<?xml version="1.0" encoding="utf-8"?><toc><breadcrumbs><li><a href="d75eb659-6335-53f6-af7a-81814a21ab7f.htm">Docs</a></li><li><a href="d75eb659-6335-53f6-af7a-81814a21ab7f.htm">Gestion du personnel</a></li><li><a href="bdac84b2-3d04-50cc-1695-4305cb9973db.htm">gestion_<wbr />personnel.<wbr />view</a></li><li><a href="86d72d2b-c5ca-7c0d-c25f-24bdafb098a3.htm">Frm<wbr />Authentification</a></li><li><a href="0abd822b-3b4b-c101-eac3-85f388e3cb14.htm">Fields</a></li></breadcrumbs><tocItems><li><a id="cbad3af0-c923-6c43-7f3d-de6a3ff08639" href="cbad3af0-c923-6c43-7f3d-de6a3ff08639.htm">button<wbr />Connect</a></li><li><a id="16bbd84e-f2a4-737a-773f-4d79eb739ddd" href="16bbd84e-f2a4-737a-773f-4d79eb739ddd.htm">components</a></li><li><a id="6853cc95-1f46-0297-51ea-3e415e2916a0" href="6853cc95-1f46-0297-51ea-3e415e2916a0.htm">controller</a></li><li><a id="a234178a-1499-63df-abfb-450dc2b88f41" href="a234178a-1499-63df-abfb-450dc2b88f41.htm">group<wbr />Box<wbr />1</a></li><li><a id="97b77d77-3df7-a5b1-a767-12561854d5ed" href="97b77d77-3df7-a5b1-a767-12561854d5ed.htm">label<wbr />Login</a></li><li><a id="3ef4cf0e-df25-eba9-f873-682637591793" href="3ef4cf0e-df25-eba9-f873-682637591793.htm">label<wbr />Pwd</a></li><li><a id="c7c3448d-0581-b5ff-ea21-e07c79156346" href="c7c3448d-0581-b5ff-ea21-e07c79156346.htm">text<wbr />Login</a></li><li><a id="07ac8971-053d-c7d8-a020-29ae250b9de3" href="07ac8971-053d-c7d8-a020-29ae250b9de3.htm">text<wbr />Pwd</a></li></tocItems></toc>