﻿<?xml version="1.0" encoding="utf-8"?><toc><breadcrumbs><li><a href="d75eb659-6335-53f6-af7a-81814a21ab7f.htm">Docs</a></li><li><a href="d75eb659-6335-53f6-af7a-81814a21ab7f.htm">Gestion du personnel</a></li><li><a href="bdac84b2-3d04-50cc-1695-4305cb9973db.htm">gestion_<wbr />personnel.<wbr />view</a></li><li><a href="86d72d2b-c5ca-7c0d-c25f-24bdafb098a3.htm">Frm<wbr />Authentification</a></li><li><a href="0abd822b-3b4b-c101-eac3-85f388e3cb14.htm">Fields</a></li></breadcrumbs><tocItems><li><a id="955e39f9-7ff5-a89b-3e77-7d2a35bb8b09" href="955e39f9-7ff5-a89b-3e77-7d2a35bb8b09.htm">button<wbr />1</a></li><li><a id="16bbd84e-f2a4-737a-773f-4d79eb739ddd" href="16bbd84e-f2a4-737a-773f-4d79eb739ddd.htm">components</a></li><li><a id="a234178a-1499-63df-abfb-450dc2b88f41" href="a234178a-1499-63df-abfb-450dc2b88f41.htm">group<wbr />Box<wbr />1</a></li><li><a id="62e778a1-9d08-d130-a180-3b85dd52170c" href="62e778a1-9d08-d130-a180-3b85dd52170c.htm">label<wbr />1</a></li><li><a id="3095b03d-2bd3-60b9-fa90-4c2563580839" href="3095b03d-2bd3-60b9-fa90-4c2563580839.htm">label<wbr />2</a></li><li><a id="96d1a184-3a6d-869d-3a05-68e7cae7306b" href="96d1a184-3a6d-869d-3a05-68e7cae7306b.htm">text<wbr />Box<wbr />1</a></li><li><a id="b8b68e0e-0f3c-f076-6970-53f9a81f1325" href="b8b68e0e-0f3c-f076-6970-53f9a81f1325.htm">text<wbr />Box<wbr />2</a></li></tocItems></toc>