﻿<?xml version="1.0" encoding="utf-8"?><toc><breadcrumbs><li><a href="d75eb659-6335-53f6-af7a-81814a21ab7f.htm">Docs</a></li><li><a href="d75eb659-6335-53f6-af7a-81814a21ab7f.htm">Gestion du personnel</a></li><li><a href="bdac84b2-3d04-50cc-1695-4305cb9973db.htm">gestion_<wbr />personnel.<wbr />view</a></li><li><a href="4a82628b-515e-2459-cf0b-59315a652aa1.htm">Frm<wbr />Gestion</a></li><li><a href="c10c2f38-8f7c-d11c-2099-09b419af36cd.htm">Fields</a></li></breadcrumbs><tocItems><li><a id="42905278-c1d8-118e-669d-0e7503dea9e5" href="42905278-c1d8-118e-669d-0e7503dea9e5.htm">ancien<wbr />Id<wbr />Motif</a></li><li><a id="178f6cff-d199-cfa6-473d-1d3447589b44" href="178f6cff-d199-cfa6-473d-1d3447589b44.htm">ancienne<wbr />Date<wbr />Debut</a></li><li><a id="b4507bc4-cda8-76c4-fb8b-8b5ce59e931f" href="b4507bc4-cda8-76c4-fb8b-8b5ce59e931f.htm">ancienne<wbr />Date<wbr />Fin</a></li><li><a id="d241237c-2681-6b02-0b8b-c53560e2a18f" href="d241237c-2681-6b02-0b8b-c53560e2a18f.htm">bdg<wbr />Absences</a></li><li><a id="a96402a9-e7aa-9ba3-7df7-516ea169025d" href="a96402a9-e7aa-9ba3-7df7-516ea169025d.htm">bdg<wbr />Motifs</a></li><li><a id="f2d55bc4-74bc-5e25-c7d3-e9636edc3ba5" href="f2d55bc4-74bc-5e25-c7d3-e9636edc3ba5.htm">bdg<wbr />Personnel</a></li><li><a id="da7feaec-c69b-fd83-e8cb-cfd1d1a768d3" href="da7feaec-c69b-fd83-e8cb-cfd1d1a768d3.htm">bdg<wbr />Services</a></li><li><a id="29ec7dc1-5cdf-4267-b20a-1c3e9274f7d0" href="29ec7dc1-5cdf-4267-b20a-1c3e9274f7d0.htm">button<wbr />Afficher<wbr />A</a></li><li><a id="a2062fd3-655f-71f8-7c40-c07bd9246ab0" href="a2062fd3-655f-71f8-7c40-c07bd9246ab0.htm">button<wbr />Afficher<wbr />P</a></li><li><a id="e722ff26-b969-4c4a-981a-874a0a9a07f4" href="e722ff26-b969-4c4a-981a-874a0a9a07f4.htm">button<wbr />Ajouter<wbr />A</a></li><li><a id="dfa9ebd1-67a2-8bfb-4a7f-648c05b74a62" href="dfa9ebd1-67a2-8bfb-4a7f-648c05b74a62.htm">button<wbr />Ajouter<wbr />P</a></li><li><a id="5198d25d-ebd0-6bad-56d2-f562cf56a2be" href="5198d25d-ebd0-6bad-56d2-f562cf56a2be.htm">button<wbr />Annuler<wbr />A</a></li><li><a id="9012b904-b9ad-5283-59f2-59635d782b6d" href="9012b904-b9ad-5283-59f2-59635d782b6d.htm">button<wbr />Annuler<wbr />P</a></li><li><a id="a39dbc73-9d31-12d5-5661-0bdfbf2f6ec8" href="a39dbc73-9d31-12d5-5661-0bdfbf2f6ec8.htm">button<wbr />Enregistrer<wbr />A</a></li><li><a id="201d95a7-e6b7-47ee-fd2d-2211d11da35c" href="201d95a7-e6b7-47ee-fd2d-2211d11da35c.htm">button<wbr />Enregistrer<wbr />P</a></li><li><a id="f2e15055-f780-eb9c-9e0f-0de9a99bcac1" href="f2e15055-f780-eb9c-9e0f-0de9a99bcac1.htm">button<wbr />Modifier<wbr />A</a></li><li><a id="c37d9d8d-4bc1-234f-ad78-f88f1344ab73" href="c37d9d8d-4bc1-234f-ad78-f88f1344ab73.htm">button<wbr />Modifier<wbr />P</a></li><li><a id="256c79b7-b30f-4b1a-ce68-d57b744a2166" href="256c79b7-b30f-4b1a-ce68-d57b744a2166.htm">button<wbr />Supprimer<wbr />A</a></li><li><a id="ffa10aa6-a950-9ce9-0be9-17dae610e21d" href="ffa10aa6-a950-9ce9-0be9-17dae610e21d.htm">button<wbr />Supprimer<wbr />P</a></li><li><a id="2257e5ee-7dd5-93c4-fc31-5c46727b355e" href="2257e5ee-7dd5-93c4-fc31-5c46727b355e.htm">combo<wbr />Box<wbr />Motif</a></li><li><a id="d51be2c8-d5e7-4b8b-8677-76ab30be1884" href="d51be2c8-d5e7-4b8b-8677-76ab30be1884.htm">combo<wbr />Box<wbr />Service</a></li><li><a id="c5acff07-332b-cc26-66df-6455ddb2766a" href="c5acff07-332b-cc26-66df-6455ddb2766a.htm">components</a></li><li><a id="ecdd053d-1f32-6f0f-71c3-476184dc5e5e" href="ecdd053d-1f32-6f0f-71c3-476184dc5e5e.htm">controller</a></li><li><a id="bfb1be4c-7b08-26ea-2c91-76fae0f4f997" href="bfb1be4c-7b08-26ea-2c91-76fae0f4f997.htm">dgv<wbr />Tableau</a></li><li><a id="bc1af782-b763-592c-551f-1671842ec1c7" href="bc1af782-b763-592c-551f-1671842ec1c7.htm">en<wbr />Cours<wbr />De<wbr />Modif<wbr />Absence</a></li><li><a id="29d82e32-132a-b5ee-736b-f1ade7414f10" href="29d82e32-132a-b5ee-736b-f1ade7414f10.htm">en<wbr />Cours<wbr />De<wbr />Modif<wbr />Personnel</a></li><li><a id="d7fabeb2-c911-cdb5-bab7-ab0cb95aadf3" href="d7fabeb2-c911-cdb5-bab7-ab0cb95aadf3.htm">group<wbr />Box<wbr />Absences</a></li><li><a id="cd03fcab-e4d2-d3b8-5a6c-ba26c4a7d253" href="cd03fcab-e4d2-d3b8-5a6c-ba26c4a7d253.htm">group<wbr />Box<wbr />Affichage</a></li><li><a id="c7d94233-af87-1e50-1d86-7583f88a7a7d" href="c7d94233-af87-1e50-1d86-7583f88a7a7d.htm">group<wbr />Box<wbr />Personnel</a></li><li><a id="04801dda-f3f2-10f3-29e1-f432aa71920d" href="04801dda-f3f2-10f3-29e1-f432aa71920d.htm">label<wbr />Date<wbr />Debut</a></li><li><a id="0898c96e-a8e0-0c08-8cbd-e3b1df733c71" href="0898c96e-a8e0-0c08-8cbd-e3b1df733c71.htm">label<wbr />Date<wbr />Fin</a></li><li><a id="e6e4981c-ee96-9f2b-1bf0-511df9a0c441" href="e6e4981c-ee96-9f2b-1bf0-511df9a0c441.htm">label<wbr />Mail</a></li><li><a id="9f7f4b26-ca80-df73-25bd-c25a5a81c0f3" href="9f7f4b26-ca80-df73-25bd-c25a5a81c0f3.htm">label<wbr />Motif</a></li><li><a id="0e974044-b0dd-f063-fcad-e8ca28927e73" href="0e974044-b0dd-f063-fcad-e8ca28927e73.htm">label<wbr />Nom</a></li><li><a id="351cfa21-8b6b-a25a-cb43-62480ec4cc7c" href="351cfa21-8b6b-a25a-cb43-62480ec4cc7c.htm">label<wbr />Prenom</a></li><li><a id="9932759f-a166-9144-4008-1b3b97f5ad5f" href="9932759f-a166-9144-4008-1b3b97f5ad5f.htm">label<wbr />Service</a></li><li><a id="edbd3259-53f3-2b50-7397-9e465f3f0b8d" href="edbd3259-53f3-2b50-7397-9e465f3f0b8d.htm">label<wbr />Tel</a></li><li><a id="4f26e5f8-851b-917f-4ef7-add342505c5c" href="4f26e5f8-851b-917f-4ef7-add342505c5c.htm">personnel<wbr />Selectionne</a></li><li><a id="de3087f1-d71a-6219-bfeb-d8ab7cf9d319" href="de3087f1-d71a-6219-bfeb-d8ab7cf9d319.htm">text<wbr />Box<wbr />Date<wbr />Debut</a></li><li><a id="70370193-4cee-25e8-3a86-3ff8620b8605" href="70370193-4cee-25e8-3a86-3ff8620b8605.htm">text<wbr />Box<wbr />Date<wbr />Fin</a></li><li><a id="1d6f7f0a-95d2-d222-95d1-001513a87eb9" href="1d6f7f0a-95d2-d222-95d1-001513a87eb9.htm">text<wbr />Box<wbr />Mail</a></li><li><a id="b4b60a4b-8d3d-547f-53ec-336fc7ebff1c" href="b4b60a4b-8d3d-547f-53ec-336fc7ebff1c.htm">text<wbr />Box<wbr />Nom</a></li><li><a id="8df16775-56f9-5958-0ea1-082eacd19989" href="8df16775-56f9-5958-0ea1-082eacd19989.htm">text<wbr />Box<wbr />Prenom</a></li><li><a id="f378d5a6-b2d4-93b8-4c70-7d22ea6e577b" href="f378d5a6-b2d4-93b8-4c70-7d22ea6e577b.htm">text<wbr />Box<wbr />Tel</a></li><li><a id="102df3b4-e569-ce98-2683-77901df6520f" href="102df3b4-e569-ce98-2683-77901df6520f.htm">titre<wbr />Fenetre<wbr />Information</a></li></tocItems></toc>