﻿<?xml version="1.0" encoding="utf-8"?><toc><breadcrumbs><li><a href="d75eb659-6335-53f6-af7a-81814a21ab7f.htm">Docs</a></li><li><a href="d75eb659-6335-53f6-af7a-81814a21ab7f.htm">Gestion du personnel</a></li><li><a href="bdac84b2-3d04-50cc-1695-4305cb9973db.htm">gestion_<wbr />personnel.<wbr />view</a></li><li><a href="367f830e-31f1-f47d-c11e-b48642b1165e.htm">Frm<wbr />Confirmation</a></li><li><a href="bf1d850b-0344-e5ab-0ec2-6b96e4229ccf.htm">Fields</a></li></breadcrumbs><tocItems><li><a id="a0e51e72-d97a-b99b-0c81-1ecf2c75c950" href="a0e51e72-d97a-b99b-0c81-1ecf2c75c950.htm">button<wbr />1</a></li><li><a id="3cc79b18-9ae5-22ff-e20b-af33355346c1" href="3cc79b18-9ae5-22ff-e20b-af33355346c1.htm">button<wbr />2</a></li><li><a id="613bd56c-dd99-9ecc-da80-76ee0476e295" href="613bd56c-dd99-9ecc-da80-76ee0476e295.htm">components</a></li><li><a id="ec7af3df-cea0-34eb-7887-edaebb5d438f" href="ec7af3df-cea0-34eb-7887-edaebb5d438f.htm">group<wbr />Box<wbr />1</a></li><li><a id="7790044e-8f93-649b-b846-f8e52f4f4084" href="7790044e-8f93-649b-b846-f8e52f4f4084.htm">label<wbr />1</a></li></tocItems></toc>