﻿<?xml version="1.0" encoding="utf-8"?><toc><breadcrumbs><li><a href="d75eb659-6335-53f6-af7a-81814a21ab7f.htm">Docs</a></li><li><a href="d75eb659-6335-53f6-af7a-81814a21ab7f.htm">Gestion du personnel</a></li><li><a href="bdac84b2-3d04-50cc-1695-4305cb9973db.htm">gestion_<wbr />personnel.<wbr />view</a></li><li><a href="4a82628b-515e-2459-cf0b-59315a652aa1.htm">Frm<wbr />Gestion</a></li><li><a href="c10c2f38-8f7c-d11c-2099-09b419af36cd.htm">Fields</a></li></breadcrumbs><tocItems><li><a id="8dd085b7-644e-e1c3-bdca-1f25710398d9" href="8dd085b7-644e-e1c3-bdca-1f25710398d9.htm">button<wbr />1</a></li><li><a id="8119ee7f-bf55-ef71-c265-3c864ec3094c" href="8119ee7f-bf55-ef71-c265-3c864ec3094c.htm">button<wbr />10</a></li><li><a id="191a4349-9f29-70d8-9565-7453ed890395" href="191a4349-9f29-70d8-9565-7453ed890395.htm">button<wbr />11</a></li><li><a id="ee79ca6b-61e1-ba8b-2ad3-71730722cdc5" href="ee79ca6b-61e1-ba8b-2ad3-71730722cdc5.htm">button<wbr />2</a></li><li><a id="ebfdfef9-da46-e80b-fa79-fff5621bf606" href="ebfdfef9-da46-e80b-fa79-fff5621bf606.htm">button<wbr />3</a></li><li><a id="bdc22985-d94c-c5ff-5f82-71d93a76d1f8" href="bdc22985-d94c-c5ff-5f82-71d93a76d1f8.htm">button<wbr />4</a></li><li><a id="be0ac672-27af-3639-8140-b1b57352bc26" href="be0ac672-27af-3639-8140-b1b57352bc26.htm">button<wbr />5</a></li><li><a id="c9a4608a-babc-4d49-ea2d-7a0630817c5a" href="c9a4608a-babc-4d49-ea2d-7a0630817c5a.htm">button<wbr />6</a></li><li><a id="01909e31-ec50-ce39-cb2e-433bdc2d83b6" href="01909e31-ec50-ce39-cb2e-433bdc2d83b6.htm">button<wbr />7</a></li><li><a id="1cc38ab4-a66d-2836-bf8c-1603359ab923" href="1cc38ab4-a66d-2836-bf8c-1603359ab923.htm">button<wbr />8</a></li><li><a id="ce1a905d-942e-2aad-3d5b-e1d3abb596c8" href="ce1a905d-942e-2aad-3d5b-e1d3abb596c8.htm">button<wbr />9</a></li><li><a id="8da5987b-9605-2f86-3aa0-5d60ebf9ac31" href="8da5987b-9605-2f86-3aa0-5d60ebf9ac31.htm">combo<wbr />Box<wbr />1</a></li><li><a id="8243710d-8af0-e0aa-c7d5-61cf8419096c" href="8243710d-8af0-e0aa-c7d5-61cf8419096c.htm">combo<wbr />Box<wbr />2</a></li><li><a id="c5acff07-332b-cc26-66df-6455ddb2766a" href="c5acff07-332b-cc26-66df-6455ddb2766a.htm">components</a></li><li><a id="be3d48f4-6452-90ce-df59-efc5612017ad" href="be3d48f4-6452-90ce-df59-efc5612017ad.htm">data<wbr />Grid<wbr />View<wbr />1</a></li><li><a id="67698a7b-4f93-ebaf-b536-b95a6efb51c6" href="67698a7b-4f93-ebaf-b536-b95a6efb51c6.htm">group<wbr />Box<wbr />1</a></li><li><a id="9303c908-5703-6cd8-ee3e-ebff7f6ea058" href="9303c908-5703-6cd8-ee3e-ebff7f6ea058.htm">group<wbr />Box<wbr />2</a></li><li><a id="bc441937-aced-0b47-8109-c224641e515e" href="bc441937-aced-0b47-8109-c224641e515e.htm">group<wbr />Box<wbr />3</a></li><li><a id="dab39992-7419-f4cb-856f-1349bf574951" href="dab39992-7419-f4cb-856f-1349bf574951.htm">label<wbr />1</a></li><li><a id="6044b2c3-7e5d-54be-c507-fd2e200fe999" href="6044b2c3-7e5d-54be-c507-fd2e200fe999.htm">label<wbr />2</a></li><li><a id="47c21938-5c04-b731-1d42-0b7f43aeeffe" href="47c21938-5c04-b731-1d42-0b7f43aeeffe.htm">label<wbr />3</a></li><li><a id="948ae8ba-83ef-54cf-8bc6-37d9707c2eb0" href="948ae8ba-83ef-54cf-8bc6-37d9707c2eb0.htm">label<wbr />4</a></li><li><a id="2b4fe9c9-9997-ff5a-03a1-2808bb12d837" href="2b4fe9c9-9997-ff5a-03a1-2808bb12d837.htm">label<wbr />5</a></li><li><a id="0cb8b09f-b1b5-b7c7-11bf-a2ab49541ddf" href="0cb8b09f-b1b5-b7c7-11bf-a2ab49541ddf.htm">label<wbr />6</a></li><li><a id="1b04fc72-aa61-9bc5-1738-9c48fb45d9aa" href="1b04fc72-aa61-9bc5-1738-9c48fb45d9aa.htm">label<wbr />7</a></li><li><a id="02d270d1-6ce7-a3ca-7eb6-989cb6a6537a" href="02d270d1-6ce7-a3ca-7eb6-989cb6a6537a.htm">label<wbr />8</a></li><li><a id="dcff4f70-1f53-4f15-0a29-734155d44b62" href="dcff4f70-1f53-4f15-0a29-734155d44b62.htm">text<wbr />Box<wbr />1</a></li><li><a id="2df61c77-63d4-efd5-12a5-7b610d9b509e" href="2df61c77-63d4-efd5-12a5-7b610d9b509e.htm">text<wbr />Box<wbr />2</a></li><li><a id="60b7bd56-b6d1-1da9-da2d-b294beaff579" href="60b7bd56-b6d1-1da9-da2d-b294beaff579.htm">text<wbr />Box<wbr />3</a></li><li><a id="3dbe9b9f-283c-2ae7-b1ed-8ee9c0520031" href="3dbe9b9f-283c-2ae7-b1ed-8ee9c0520031.htm">text<wbr />Box<wbr />4</a></li><li><a id="9c698668-496a-0f91-a24d-278c5e493752" href="9c698668-496a-0f91-a24d-278c5e493752.htm">text<wbr />Box<wbr />5</a></li><li><a id="6b9348d3-d7a6-2a41-4bef-6e80dd98e1e5" href="6b9348d3-d7a6-2a41-4bef-6e80dd98e1e5.htm">text<wbr />Box<wbr />7</a></li></tocItems></toc>