﻿<?xml version="1.0" encoding="utf-8"?><toc><breadcrumbs><li><a href="d75eb659-6335-53f6-af7a-81814a21ab7f.htm">Docs</a></li><li><a href="d75eb659-6335-53f6-af7a-81814a21ab7f.htm">Gestion du personnel</a></li><li><a href="8560409a-53e5-87cd-90bf-fdb53fa6dbe7.htm">gestion_<wbr />personnel.<wbr />model</a></li><li><a href="c02b8d15-be57-7287-912a-fcfb1783c6e9.htm">Service</a></li></breadcrumbs><tocItems><li><a id="8522c4f8-4fba-6d29-fc19-0aef84575a8c" href="8522c4f8-4fba-6d29-fc19-0aef84575a8c.htm">Constructor</a></li><li><a id="140dabe8-bd72-d148-2ae2-227f1d9e5a8a" class="has-submenu" href="140dabe8-bd72-d148-2ae2-227f1d9e5a8a.htm"><span data-tocFile="../toc/IDBEEA.xml" class="icon toggle" onclick="ToggleExpandCollapse(this); return false;"><i class="fa fa-angle-right"> </i></span>Properties</a><ul class="toc-menu is-hidden"> </ul></li><li><a id="5fe237dc-c618-39f9-2931-b565ee632cbb" class="has-submenu" href="5fe237dc-c618-39f9-2931-b565ee632cbb.htm"><span data-tocFile="../toc/IDCEEA.xml" class="icon toggle" onclick="ToggleExpandCollapse(this); return false;"><i class="fa fa-angle-right"> </i></span>Methods</a><ul class="toc-menu is-hidden"> </ul></li></tocItems></toc>