﻿<?xml version="1.0" encoding="utf-8"?><toc><breadcrumbs><li><a href="d75eb659-6335-53f6-af7a-81814a21ab7f.htm">Docs</a></li><li><a href="d75eb659-6335-53f6-af7a-81814a21ab7f.htm">Gestion du personnel</a></li><li><a href="bdac84b2-3d04-50cc-1695-4305cb9973db.htm">gestion_<wbr />personnel.<wbr />view</a></li></breadcrumbs><tocItems><li><a id="86d72d2b-c5ca-7c0d-c25f-24bdafb098a3" class="has-submenu" href="86d72d2b-c5ca-7c0d-c25f-24bdafb098a3.htm"><span data-tocFile="../toc/IDAFA.xml" class="icon toggle" onclick="ToggleExpandCollapse(this); return false;"><i class="fa fa-angle-right"> </i></span>Frm<wbr />Authentification</a><ul class="toc-menu is-hidden"> </ul></li><li><a id="4a82628b-515e-2459-cf0b-59315a652aa1" class="has-submenu" href="4a82628b-515e-2459-cf0b-59315a652aa1.htm"><span data-tocFile="../toc/IDBFA.xml" class="icon toggle" onclick="ToggleExpandCollapse(this); return false;"><i class="fa fa-angle-right"> </i></span>Frm<wbr />Gestion</a><ul class="toc-menu is-hidden"> </ul></li></tocItems></toc>